Language;ISO;Family;lng;lat;Father;Mother;Parent;Son;Daughter;(own) child;Brother;sister;older brother;younger brother;older sister;younger sister;father’s father;father’s mother;mother’s father;mother’s mother;son’s son;son’s daughter;daughter’s son;daughter’s daughter;father’s brother;father’s older brother;father’s younger brother;father’s sister;father’s older sister;father’s younger sister;mother’s brother;mother’s older brother;mother’s younger brother;mother’s sister;mother’s older sister;mother’s younger sister;brother’s son;brother’s daughter;sister’s son;sister’s daughter;husband;wife;father’s older brother’s wife;father’s younger brother’s wife;father’s sister’s husband;mother’s brother’s wife;mother’s sister’s husband;son’s wife;daughter’s husband;brother’s wife (male ego);brother’s wife (female ego);sister’s husband (male ego);sister’s husband (female ego);wife’s father;wife’s mother;husband’s father;husband’s mother;husband’s brother;husband’s sister;wife’s brother;wife’s sister;husband’s brother’s wife;husband’s sister’s husband;wife’s brother’s wife;wife’s sister’s husband;co-wife;son’s wife’s father;son’s wife’s mother;daughter’s husband’s father;daughter’s husband’s mother;stepsister (no shared parent);stepbrother (no shared parent);stepmother;stepfather;stepson;stepdaughter;father’s father’s father;mother’s mother’s mother;forefather;foremother;father’s brother’s son;father’s brother’s daughter;father’s sister’s son;father’s sister’s daughter;mother’s brother’s son;mother’s brother’s daughter;mother’s sister’s son;mother’s sister’s daughter;relative;affinal relative;blood relative;wife’s relative(s);head of household;head of clan;head of tribe;halfsister (same father, different mother);halfbrother (same father, different mother);halfsister (same mother, different father);halfbrother (same mother, different father)
Ashkun;ask;Nuristani;70.50105;35.03056;dej;aɽaj;aɽaw dej;zagə;zu;pɽa;bɽə;sus;awlaːk bɽə;laguraːk bɽə;awli sus;laguri sus;awndej;mitɕaɽaj;awndej;mitɕaɽaj;nuwə;nuːt;nuwə;nuːt;pɛj dej;awlu dej;laguru dej;nani;awly nani;laguri nani;maw;awlu maw;laguru maw;pɛj aɽaj;awli aɽaj;laguri aɽaj;dejbrə;dejzu;piɕi;piɕi;mats;strimili;pɛjdijaː istri;laguru dijaː istri;nani maːts;mawaː istri;p͏ɛjaɽaː matsəs;wu;zəmaː;bɽaː istri;bɽaː istri;ajmi;ajmi;ɕibusu;ɕiboːs;ɕibusu;ɕiboːs;kəɳis;kəɳis;ajmi;ɕĩja;muɳɖuːɳa stri;kəɳis wu mats;ajmi istris;saːɳɖu;paʂajistri;ɕibusu;ɕiboːs;ɕibusu;ɕiboːs;awar zus;awar bɽə;awar aɽaj;awar dej;---;awar zu;awndej;mitɕaɽaj;---;---;dejpɽa;dejzu;nanipɽa;nanizu;məwpɽa;mawzu;aɽəwpɽa;aɽəwzu;təɳusθə;ɕibusudɛr;mələ pətɛːrej;ɕibusudɛr;diʂʈu;diʂʈu;diʂʈu;awar sus;awar bɽə;naːsaka sus;naːsaka bɽə
Balti;bft;Tibeto-Burman;76.18363;35.23616;ata;aŋo;ata aŋo;buː;boŋoː;buːboŋoː, pʰruːpʰraː;kakaː, foːnoː, mĩːmoː;strĩːmoː, nuŋo;kakaː;foːnoː, mĩːmoː;aɕeː;nuŋo, strĩːmoː;apoː;api;apoː;api;tsʰoː;tsʰaŋo;tsʰoː;tsʰaŋo;---;ata tɕʰoʁo;ata tsʰuntseː;neːneː;neːneː tɕʰoʁo;neːneː tsʰuntseː;moːmo, dʑãːmo;moːmo tɕʰoʁo;moːmo tsʰuntseː;matɕũ;matɕũ, aŋo tɕʰoʁo;matɕũ, aŋo tsʰuntseː, tsetseː;pʰoːneː buː, kakiːbuː, tsʰoː;pʰoːneː boŋoː, kakiːboŋoː, tsʰaŋo;tsʰoː;tsʰaŋo;aɕipa, daχfoː;zanzos, ʁzuŋ, namaː, tɕʰũːma;aŋo tɕʰoʁo;aŋo tsʰuntseː;moːmo;neːne;moːmo;bwiːnama, nama;maqpa;kakiːnama, foːnenama, kakala jodpi aɕeː;mĩːmwenama, kakiːnama, kakala jodpi aɕeː;aɕe jodpi kakaː, strĩːmo jodpi maqpa;aɕe jodpi kakaː, nuŋo jodpi mĩːmo;ɪzgijukfoː;ɪzgijukmoː;ɪzgijukfoː;ɪzgijukmoː;aɕi pubi kakaː, aɕi pubi pʰoːno;aɕi pubi aɕeː, aɕi pubi strĩːmo;skutpa;namoːbi aɕeː, namoːbi nuŋo;aɕi pubi pʰoːneː nama, kakiː nama, nama rereː;aɕi pubi strĩːmo jodpo;skutpoːbi namo;tɕʰũːma pʰoːno;tsʰaq stral;bwiːz gijukfoː;bwiːz gijukmoː;boŋweːz gijukfoː;boŋweːz gijukmoː;---;---;matɕo aŋo;matɕo ata;maskes pʰibu;maskes pʰiboŋo;apwe ata, ati apoː;api aŋo, aŋwe api;ata apoː;---;ata rereː foːno;ata rereː strĩːmo;nene buː, moːmo nene rereː foːno, dʑãːmo nene rereː foːno, dʑãːmo nene rereː mĩːmo;nene boŋo, moːmo nene rereː strĩːmo, moːmo nene rereː aɕeː, moːmo nene rereː nuŋo;moːmweː buː, moːmo nene rereː foːno, dʑãːmo nene rereː foːno, dʑãːmo nene rereː mĩːmo;moːmweː boŋo, moːmo nene rereː strĩːmo, moːmo nene rereː aɕeː nuŋo;matɕuŋi buː, matɕuŋ rereː foːno, matɕuŋ rereː mĩːmo;matɕuŋi boŋo, matɕuŋ rereː strĩːmo, matɕuŋ rereː aɕeː nuŋo;hr̥ɲen, sɲen;ɕatɕʰad meːnmi hr̥ɲen;ɕatɕʰad hr̥ɲen;namoːbi hr̥ɲen;kʰaŋgoː;---;---;ata tɕikpi strĩːmo, ata tɕikpi aɕeː nuŋo;ata tɕikpi foːno, ata tɕikpi mĩːmo;aŋo tɕikpi strĩːmo, aŋo tɕikpi aɕeː nuŋo;aŋo tɕikpi foːno, aŋo tɕikpi mĩːmo
Bateri;btv;Indo-Aryan;72.92674;34.95820;mʰal;mʰijæːl;mʰali mʰijæːl;puːʈʂ;dʰiː;apãː tsun;ɖʐʰũː;bʰejũː;gʰãeːr ɖʐʰũː;pʰiʈu ɖʐʰũː;gʰẽː bʰijũː;pʰiʈaẽ bʰijũː;doː;daː;doː;daː;poːʐ;pʊeːʐ;poːʐ;pʊeːʐ;piʈʂijuː;piʈʂijuː;piʈʂijuː;pʰæː;pʰaːjuː;pʰaːʈaji;mam, maːmaji;maːmaji;mam, maːmaji;maːsɛː;maːsɛː;maːsɛː;ɖʐoʈʂ;ɖʐʰaːdiː;χoreː;sazuiː;barjuː;naː;naːniː;naːniː;---;malæ̃ː;mam;bʰɛːʈ;zumgaɛː;ɖʐʰaːzɛː;ɖʐʰaːzɛː;saːrũː;saːrũː;ɕoːr;ʂaːʂ;ɕoːr;ʂaːʂ;kẽːʈ;zaẽːl;saːrũː;saːræ̃ː;dʰeːræ̃ː;---;---;saɳɖuː;habijæ̃ː;---;---;---;---;---;---;mireː mʰijæːl;mireː mʰal;mireːso ɖʐʰũː;mireːso bʰejũː;pardoː;pardæː;hur nikej;---;piʈʂeːso puːʈʂ;piʈʂeːso dʰiː;pʰæːso puːʈʂ;pʰæːso dʰiː;mamso puːʈʂ;mamso dʰiː;maːsjoː;maːsjæ̃ː;nisbatiː;---;ratso nasabiː;ɕoːrikeː;gʰeːt;---;gʰãeːr;mʰalza bʰejũː;mʰalzoː ɖʐʰũː;mʰijælza bʰejũː;mʰijælzoː ɖʐʰũː
Brokskat;bkk;Indo-Aryan;76.43277;34.63458;boː;aːj;pʰæmæ;bjøː;mulej;sinæ;bajo, ʐuʐo;sɛsnjo;boːno bajo;seːno ʐuʐo;boːni qake;seːni qake;dudo;dede;dudo;dede;poːʈo;pøːʈi;poːʈo;pøːʈi;boː;boːno boː;seːno boː;peːpe;boːni peːpe;seːni peːpe;---;boːno muːmo;seːno muːmo;aːj;boːni aːj;seːni aːj;sazoː;sazwej;sazoː;sazwej;barø;ʈʰiga;aːj;seːni aːj;muːmo;peːpe;boː;nyɕ;ʑamoː;ʑara;ʑara;bajo, ʐuʐo;---;ɕøːʂ;ɕaːʂ;ɕøːʂ;ɕaːʂ;bajo, ʐuʐo;qake, sas;ɕæʑiri;sas, qake;sas, qake;ɕæʑiri;ɕæʑiri;bajo, ʐuʐo;matɕuŋ;bydeː;bydeː;bydeː;bydeː;qake;bajo;majærmo;majærboː;ʐuʐo, bajo;sas, qake;dudo;dede;tɕʰimi ʑaro;tɕʰimi ʑæri;bajo, ʐuʐo;qake;pepes bjøː;pepes mulej;muːmos bjøː;muːmos mulej;seːni aːjs bjøː;seːni aːjs mulej;kʰøʐ;bærøs kʰøʐ;løːly kʰøʐ;ʈʰigas kʰøʐ;guʈa boː;muqadam;muqadam;sasnjo;ʐaːʐeː;sasnjo;ʑaːʐeː
Burushaski Hunza;bsk (h);isolate;74.59822;36.31293;au;ami;au ami;ei;ai;ei;oːlus;aʈʂo;ujum oːlus;dʑoʈ oːlus;ujum aʈʂo;dʑoʈ aʈʂo;daːdo;api;daːdo;api;amis;amis;amis;amis;tɕaːtɕaː, dʑoʈ aɰa;tɕaːtɕaː, ujum aɰa;tɕaːtɕaː;nana;ujum nana;dʑoʈ nana;nana;ujum nana;dʑoʈ nana;χaːla;χaːla;χaːla;asaʁun;asaʁun;asaʁun;asaʁun;oːjer;oːs;tɕaːtɕiː, ujum mama;tɕaːtɕiː, dʑoʈ mama;nana;nana;χaːlu;aχakin;arer;bʰaːbi;bʰaːbi;arik;kaːko;aːskir;aːskus;aːskir;aːskus;deːwar, kaːko;aʈʂo;arik;dʑamaːt mumuʈʂo;bʰaːbi, aʈʂo;kaːko;bʰaːbi, aʈʂo;bʰaːiː, kaːko;---;asildir;asilgus;asildir;asilgus;dʑamip aʈʂo;dʑamip oːlus;dʑamip ami;dʑamip au;dʑamip ei;dʑamip ai;apʰaʈ api;apʰaʈ ami;uː opi;---;tɕaːtɕaː iji;tɕaːtɕaː ei;nana mumwiː;nana mumoj;nana iji;nana ei;χaːla mumwiː;χaːla mumoj;dʑaːm;---;dʑaːm;oːstiŋ;maːlik;---;tʰam;dʑamip aʈʂo;dʑamip oːlus;dʑamip aʈʂo;dʑamip oːlus
Burushaski Nagar;bsk (n);isolate;74.36720;36.23990;aɰa;mama;aɰa mama;aji;aj;dʑeːmu aji;aʈʂu;ajas;ujum aʈʂu;dʑuʈ aʈʂu;ujum ajas;dʑuʈ ajas;daːdo, api bej;api;daːdo;api;amis;amis;amis bej;amis bo;aɰa eʈʂu;ujum aɰa;dʑuʈ aɰa;nana;ujum nana;dʑuʈ nana;nana;ujum nana;dʑuʈ nana;mama muʈʂu;ujum mama;dʑuʈ mama;aʈʂu iji;aʈʂu ej;asaʁun;asaʁun;awjer;awus;ujum aɰa juːs;dʑuʈ aɰa juːs;nanamu mujer;nana juːs;ujum mamːu mujer;aχakin;---;ujum kaːku juːs;ujum kaːku juːs;arik;arik;aːskir;aːskus;aːskir;aːskus;haːlum uːlus, haːlum awulus ;haːlum oʈʂu, haːlum aʈʂu;arik;awsmu muʈʂu;---;haːlum uːlus;---;oʈʂu;---;aje juːsmu aɰa;aje juːsmu mama;ajmu mujere aɰa;ajmu mujere mama;diːtɕoː uʈʂkoːn;diːtɕoː uʈʂkoːn;diːtɕoː mama;diːtɕoː aɰa;diːtɕoː aji;diːtɕoː aj;daːdo aɰa;apimu mama;mepi kuts, mep kuts;jaːrum daːdo api, mep kuts;ujum aɰa iji;ujum aɰa ej;nanamu muji;nanamu moj;nana iji;nana ej;ujum mamumu muji;ujum mamumu moj;dʑaːm, dʑaːm kaːm;uskujo;tɕʰap multani dʑaːm kaːm, tɕʰap multani dʑaːm;aːstin;daman;---;haː ujum, χaːndaːne ujum;diːtɕoː uʈʂkoːn;diːtɕoː uʈʂkoːn;diːtɕoː uʈʂkoːn;diːtɕoː uʈʂkoːn
Chitral Kalasha;kls;Indo-Aryan;71.70143;35.70835;daːda;aːja;daːda ʑe aːja, nantat;put;tɕʰu;maj aʑeːli;baːja;baːba;gaɽa bajas;tɕʰuːtjek baːja;gaɽa baːba;tɕʰuːtjek baba;wawa;awa;wawa;awa;nawaw;nawaːlik;moaso;iʂpoʂi;daːda;gaɽa daːda;tɕʰuːtjek daːda;naːna;gaɽa naːna;tɕʰuːtje naːna;moːa;gaɖeːrak moːa;matɕmaːri moːa;naːna;gaɽa naːna;tɕʰuːtjek naːna;put;tɕʰuː;moaso;iʂpoʂi;beːru;dʑa;naːna;naːna;daduk;bajaːja;daduk;bawu;dʑamow;weːwaj;predʑej;---;dʑamow;iɕpaːɕur;dʑeʂʈaːli;iɕpaːɕur;ispres;dijoːr;dʑoːmi;weːwaj;predʑej;duroːju;---;dʑeʂʈaːli;---;dʑaːdi;χaltabar;χaltabar istriːʑa;bilaj;χaltabar;---;---;nanbeːli;---;---;---;paːrwaːwa;paːr aːwa;tɕimber waːwa;tɕimber aːwa;baːja;baːba;baːja;baːba;baːja;baːba;baːja;baːba;riɕtadaːr, dʑaːmiliɕiːr;---;ɫujani riɕtadaːr;iɕpaːɕur baɫe;duːrej maɖiːri;gaɖeːrak;qazi;---;---;---;---
Dameli;dml;Indo-Aryan;71.68785;35.37663;dadi;jiː;jiː dadi;put;ʑu;taːnu kuɻa;braː;pas;ʑeʂʈeːra braː;sureː braː;ʑeʂʈeːri pas;suruj pas;baloː dadi, bap;baloː jiː, jaj;baloː dadi, bap;baloː jiː, jaj;nawãːsa;nawãːsi;nawãːsa;nawãːsi;pitri, kaːkaː;ʑeʂʈa dadi;sureː pitri, kaːkaː, sureː dadi;pʰaːpi;ʑeʂʈeːri pʰaːpi;surej pʰaːpi;mam;mamaːni;utɕʰuʈa mam, sureː mam;nan;ʑeʂʈeːri nan, ʑeʂʈiː;suruj nan;braːsãː put;braːsãːi ʑu;iʂpaʂi;iʂpaʂi;bareːo, matɕ;ʑaːmi, iɕtriː;braːʑej ʑiʂʈiː;utɕʰuʈi jiː, suruj jiː;pʰaːpa;mamaːni;nansãː bareːo;bawiː;zaːmaː;braːʑej;ʑaːmili;ʐami;saːraːna;paɕuːr;ʑaʂʈaːli;paɕuːr;preːɕ;deːr;deːr iɕtriː;ʐami;saːraːni;ʑaːmili, deːr iɕtriː;---;ʐamisãː ʑami;saːɳɖu;abeːni;χeːχ;χeːχ;---;---;saːtisani pas;saːtisan braː;abeːni jiː;abeːni dadi;abeːni put;abeːni ʑu;parbap;jaj;jaj bap;parbap;pitri kuɻa;pitri ʑuj;pʰaːpi kuɻa, pʰaːpi put;pʰaːpi ʑuj;mamsãː put;mamʑuj;nansãː put, nanuːɻa;nanʑuj, nansãːi ʑu;taːnuwaːr;---;lojta riɕta;paɕuːrdaːri;ʑeʂʈa;ʑeʂʈa;sardar;abeːni pas;abeːni braː;abeːni pas;abeːni braː
Darwazi;prs (d);Iranian;70.68450;38.33353;bɑːba;uːma;χuːnawɑːda;batʃa;daχtaːr;gʉːlaːk;bijɑːr;χɑːr;aka;bijɑːrak;apa;χɑːrak;bɑːbiː;bəbiː;bɑːbiː;bəbiː;nuwasa;χɑːrzɑː;χɑːrzɑː;daχtari χɑːr;aka, amak;akai kata;aka;hama;hamai kata;hama;taʁɑːi;taʁɑːi kata;taʁa, taʁɑːji;χɑːla;χɑːlai kata;χɑːlai majdaːk;batʃaj aka;daχtari aka;χɑːrzɑː;χɑːrzɑː;jazna;za;uːmai kata;apa;ʃuj hama;zani taʁɑːji;ʃuj χɑːla;sənɑːr;dəmɑːd;janga;janga;ʃuj χɑːr;bɑːdʒa;χəsəːr;χəʃ dumɑː;taʁɑːji;χɑːla;iːwaːr;jana;χəsəri majdaːk;qajsangəːl;zani iːwaːr;ʃuj jana;zani χəsəːr;bɑːdʒa;bɑːχtʃu;qədaː;qədaː;qədaː;qədaː;χɑːrandaːr;bijɑːrandaːr;mɑːjandaːr;bɑːbandaːr;batʃandaːr;daχtandaːr;bɑːbiː;bəbiː;bɑːbiː kaluː;batʃaj uːmaː;batʃaj hamaːk;daχtari hamaːk;batʃaj hamaː;daχtari hamaː;batʃaj taʁɑːji;daχtari taʁɑːji, daχtari taʁa;batʃaj χɑːla;daχtari χɑːla;χeːʃe qaum;qədɑːmu;hamakɑː;χəsərɑː;katai χuːna;katai qaum;qarijadɑːr, rajseqaum;χɑːrandar;bijɑːrandar;χɑːrandar;bijɑːrandar
Gawarbati (Afgh);gwt (a);Indo-Aryan;71.52251;35.22136;baːp;dʑaːj;dʑaːj aw baːp;puʂ;zu;nika;bljæːja;sasi;ɖal bljæːja;poːla bljæːja;ɖal sasi;poːla sasi;buɖa;buɖi;baːp buɖa;dʑaːjani dʑaːj;nawaːsa;puʂana zu;zuwana puʂ;zuwani zu;baːbana bljæːja;baːbana ɖal bljæːja;baːbana poːla bljæːja;baːbana sasi;baːbana ɖal sasi;baːbana poːli sasi;moːma;ɖal moːma;poːla moːma;dʑaːjani sasi;dʑaːjani ɖal sasi;dʑaːjani poːli sasi;dadana puʂ;dadana zu;saseːna puʂ;saseːna zu;herew;maɕi;ɖal dadani maɕi;poːli dadani maɕi;baːbana saseːna herew;moːmaːna maɕi;dʑaːjana saseːna herew;bawʈi;saseːna herew;bljæːjana maɕi;naːni;saseːna herew;saseːna hereːwana maɕi;gaːwra;gaːiri;gaːwra;gaːiri;hireːwana bljæːja;hireːwana sasi;maɕeːna bljæːja;maɕeːna sasi;hireːwana bljæːjana maɕi;zaːmileːna herew;maɕeːna bljæːja;maɕeːna saseːna herew;deːraːn;puʂana gaːwra;puʂana gaːiri;zuwana gaːwra;zuwani gaːiri;parkaʈajani zu;parkaʈajana puʂ;paraki;paraka baːp;paraka buɖa;paraki buɖi;buɖa;buɖi;baːbana nasap;dʑaːjana nasap;dadana puʂ;dadana zu;paːpeːna puʂ;paːpeːna zu;moːmaːna puʂ;moːmaːna zu;maɕeːna saseːna puʂ;---;taːnuwaːr;gaːwra χeːl;neːɽaj taːnuwaːr;gaːwra χeːl;aːmaːna ɖaleːɽa;qawmana ɖaleːɽa;χaːnadaːnana ɖaleːɽa;paraki sasi;paraka bljæːja;naːsaka sasi;paraka bljæːja
Gawarbati (Pak);gwt (p);Indo-Aryan;71.54742;35.31012;baːp;dʑaːj;dʑaːj baːp;puɬ;zu;zaw zaːd;baːja;sasi;nanaː;baːja;zizi;sasi;buɖa;buɖi;buɖa;buɖi;nawaːsa, namaːsa;namaːsi, nawaːsi;nawaːsa, namaːsa;nawaːsi, namaːsi;kaːka, dad;ɖal baːb;poːla baːb;pipi;ɖal pipi;poːli pipi;muːma;mumaːni;muːma;maːʂəj;maːʂəj;maːʂəj;blaːuɬ;zu;peːɕi;peːɕi;herew;maɕi;ɖal dʑaːj;poːli dʑaːj;pipjaːna hirew;mumaːni maɕi;maːʂeːna herew;bawʈi;ʐami, zamaɬa;nanaːni;nanaːni;ʐami;ʐami;gawra;gajri;gawra;gajri;deːr;zaːmili;ʐami;saraːni;nanaːni;nanaː, baːja;nanaːni;saɳɖu;deːran;poːsur;χeːχ;χeːχ, poːsur;χeːχ;saːtisan, paruki sasi;saːtisan, paruka baːja;paruki dʑaːj;paruka baːp;paruka puɬ;paruki zu;buɖaːna baːp, parbuɖa;buɖijaːni dʑaːj, parbuɖi;baːp buɖa;---;bleːdi;sasi, zizi;nanaː, baːja;zizi, sasi;mumaːna puɬ;mumaːna puɬ;maːɕoːɽ;maːɕoːɽiaki;taːnuwaːr;---;saka;gawraχeːl;ɖaliːa;malak;malak;paruki sasi;paruka bljaːja;paruki sasi;paruka baːja
Gawri;gwc;Indo-Aryan;72.59606;35.48367;bob;jɛj;jɛj teː bob;puɬ;duːj;pu;dʑaː;iɕpo;gɛn dʑaː, doːr;loːg dʑaː;gin iɕpo, dadaj;leːg iɕpo;dɑ̰ːd;dḛːd;mɑ̰ːm;mḛːm;po̰ːɬ;pḛːɬ;nosaj;nosaj;piɬi;gɛn bob;loːg bob;pḛːp;gin pḛːp;leːk pḛːp;mo̰ːʈ;gɛn mo̰ːʈ;loːg mo̰ːʈ;mḛːɕ;gin mḛːɕ;leːg mḛːɕ;dʑauːɬ;dʑɑːduːj;χoːraj;χoːrieːr;mḭːɕ, kʰɛmɑn;is, kʰɛmɑniːn;gin jɛj, piɬeːn;leːg jɛj, piɬeːn;pɑːp;moːʈʰeːn;mɑ̰ːɕ;buwuj;dʑɛmɑːɬ;dʑɑːdʑɑː;dʑɑːdʑɑː;dʑɛmɑːɬ;sɑːrɑːn;ɕuɕur;tɕiɕ;ɕuɕur;tɕiɕ;da̰ːr;dʑemiɬ;ɕɑːɕur;sɑːreːn;jḛːl;dʑemiɬãː mḭːɕ;ɕɑːɕurẽː is;sɑːrɑːn;jḛːl;nɑɬ;naɬḭːn;nɑɬ;naɬḭːn;dieːr iɕpo;dioːr dʑaː;dieːr jɛj;dioːr bob;dioːr poː;dieːr bireː;pardɑːd;parmḛːm;durɑːrɑ̃ː dɑːd;durɑːrẽː deːd;piɬiɑ̃ː poː;piɬiẽː bireː;peːpɑ̃ː poː;peːpẽː bireː;moːʈɑ̃ː poː;moːʈẽː bireː;meːɕɑ̃ː poː;meːɕẽː bireː;sakɑ;duraːrãː sakjaː;niaːr sakɑ;ɕuɕuraːl, isãː sakjaː;ɕiʈɑ̃ː gɛn;dumɑ̃ː gɛn;qoːmɑ̃ː gɛn;dieːr iɕpo;dioːr dʑaː;dieːr iɕpo;dioːr dʑaː
Gojri (Afgh);gju (a);Indo-Aryan;71.47042;35.14361;baːp;maː;maː baːp;puːt;dʰiː;dʑaːkət;bʰaj;beːɳ;bəɽu bʰaj;naɳɖu bʰaj;bəɽi beːɳ;naɳɖi beːɳ;daːduː;daːdiː;naːnuː;naːniː;nasjuː;nusajiː;doːtʰoː;duːtʰiː;pitijuː;bəɽu pitijuː;naɳɖu pitijuː;pʰupiː;bəɽi pʰupiː;naɳɖi pʰupiː;maːwɽoː;bəɽu maːwɽoː;naɳɖu maːwɽoː;muːsiː;bəɽi muːsiː;naɳɖi muːsiː;bitidʑijuː;bitidʑiː;χurijuː;χurajiː;dʑaɳuː;tram;kaːkiː;naɳɖi kaːkiː;pʰoːpoː;maːmiː;muːsoː;bowuː;dʑumajiː;bʰaːbiː;bʰaːbiː;buɳhajiː;buɳhajiː;suːruː;sasuː;suːruː;sasuː;deːwər;dʑaɳaki biheɳə;saːɽoː;saːɽiː;draːɳiː;draːɳuː;saːɽaki tram;baːdʑa;suːkaɳə;puːtku soːroː;puːtki sasuː;dʰiːku soːroː;dʰiːki sasuː;baːpki dʰiː;maːki dʰiː;maːtri maː;naːsaku baːp;parkaʈijuː;parkaʈajiː;bəɽu naːnuː;bəɽi naːniː;baːpku nasabə;maːku nasabə;pitijaku puːt;pitijaki dʰiː;pʰupeːr;pʰupeːraɳə;maːwɽəku puːt;maːwɽaki dʰiː;museːr;museːraɳə;apɽa;χeːχ;neːɽi doːst;suːra χiːli;ɖeːraku bəɽoː;qawmku bəɽoː;qabiːlaku bəɽoː;maːtrimaːki dʰiː;maːtrimaːku puːt;naːsaki bʰeːɳ;naːsaku bʰaj
Gojri (Pak);gju (p);Indo-Aryan;73.99123;34.73142;baːp;mãː;mãː baːp;batɕu;tiji;apɽũ batɕu;paːji;beːɳ;bəɽo paːji;niko paːji;bəɽi beːɳ;niki beːɳ;daːdoː;daːdiː;naːnoː;naːniː;poːtroː;poːtriː;poːtroː;poːtriː;tɕaːtɕu;taːju;niku tɕaːtɕu;pʰupiː;bəɽi pʰupiː;niki pʰupiː;maːmoː;bəɽo maːmoː;niko maːmoː;moːsiː;bəɽi moːsiː;niki moːsiː;paːtriːjo;paːtriːji;paːndʑo;paːndʑi;kaːralo;kaːrali, ʈəbriː;taːji;tɕaːtɕi;pʰupəɽoː;maːmiː;moːsoː;nũː;dʑimaːtroː;paːbiː;paːbiː;paɳiːjo;paɳiːjo;soːroː;sas;soːroː;sas;deːr;draːɳiː;saːloː;saːliː;paːbiː;paːji;paːbiː;paːji;soːkəɳ;---;---;---;---;---;---;maːtreːri maː;maːtreːro baːp;maːtreːro puːt;maːtreːri tiji;bəɽo daːdoː;paɽnaːni;baʈkaː;---;tɕatɕeːro paːji;tɕatɕeːri beːɳ;pʰupʰeːro paːji;pʰupʰeːri beːɳ;mawleːro paːji;mawleːri beːɳ;maːseːro paːji;maːseːri beːɳ;---;---;saka;---;maːlək;nambərdaːr;nambərdaːr;maːtreːri beːɳ;maːtreːro paːji;maːtreːri beːɳ;maːtreːro paːji
Hindko;hno;Indo-Aryan;73.19852;34.23857;peː;maː;maː peː;potər;tijiː;aːpɽãː dʑɛndəq;praː;pẽːɽ;bəɖa praː, paːdʑi;nika praː;bəɖi pẽːɽ;niki pẽːɽ;daːdaː;daːdiː;nãːɽãː;nãːɽĩː;poːtraː;poːtriː;deːtraː;deːtriː;tɕaːtɕaː;taːjaː;tɕaːtɕaː;pʰupiː;boboː;niki pʰupiː;maːmaː;bəɖa maːmaː;nika maːmaː;maːsiː;bəɖi maːsiː;niki maːsiː;patrijaː;patrejiː;paːndʑaː;paːndʑiː;dʑãɽãː;trimaːt;tajiː;tɕaːtɕiː;pʰupɽaː;maːmiː;maːsɽaː;nũː;dʑəmaːtraː;paːbiː;paːbiː;pɽijãː;pɽijãː;soːraː;sas;soːraː;sas;deːr;drãːɽĩː;saːlaː;saːliː;paːbiː;dʑeːʈʰ;paːbiː;saɳɖu;soŋkãɽ;---;---;---;---;pitɕʰlag pẽːɽ;pitɕʰlag praː;matreːri maː;matreːra peː;matreːra praː;matreːri pẽːɽ;pəɽdaːdaː;pəɽnãːɽĩː;bəɖeːreː;bəɖeːriː;tɕaːtɕeːda potər;tɕaːtɕeːdi tijiː;pʰupeːraː;pʰupidi tijiː;maːmeːda potər;maːmeːdi tijiː;maseːraː;maseːriː;naːtedaːr;---;χuːni riɕta;soreː;bəɖeːraː;---;nowaːb;matreːri pẽːɽ;matreːra praː;matreːri pẽːɽ;matreːra praː
Indus Kohistani;mvy;Indo-Aryan;73.18961;35.29917;abaː;jaː;jaː abaː;puːʈʂ;dʰiː;taĩ uːlaːd;ʐʰaː;bʰiːjũː;gʰũː ʐʰaː, gʰũː kaː;lak ʐʰaː, ʐʰaːʈuː;kakiː;bʰẽːʈuː;gʰũː abaː, zər abaː;gʰajaː, zer jaː;gʰũː abaː;gʰajaː, zer jaː;poːʐ;puːʐ;poːʐ;puːʐ;pitɕaː;gʰũː pitɕaː;pitɕaːʈuː;pʰaːej;gʰaĩː pʰaːe;pʰaːʈuː;mamaː;muːlj;mamaːʈuː;mapʰiː;gʰaĩː mapʰiː;mapʰuː;ʐʰaliːʈʂ;ʐʰaːdiː;χoraj;sazwiː;χawaːn;gʰarijũː;gʰajaː;lukuʈijaː, lekʰjaː;pitɕaː;muːli;pitɕaː;bawu;ʐamʈʂuː;ʐʰaːzaj;ʐʰaːzaj;bʰajaː χawaːn;ʐʰaːzaj;ɕawur;iʈʂoːʂ;ɕawur;iʈʂoːʂ;kẽːʈʰa;kẽːʈʰɛjĩː;gʰarijãː ʐʰaː;gʰarĩː bʰijũː;kẽːʈʰɛjĩː gʰarijũː;ʐʰaː;gʰarĩː ʐʰaːzaj;saːɳɖuː;hawaĩː;puʈʂãː ɕawur;puʈʂaĩː iʈʂoːʂ;dʰijãː ɕawur;dʰĩː iʈʂoːʂ;diniː bʰijũː;diniː ʐʰaː;habaĩː mʰaːlʲ, parkaʈaj mʰaːlʲ;parkaʈaj mʰaːl, parkaʈaj abaː;parkaʈaj puːʈʂ;parkaʈaj dʰiː;pardaːl;pardɛːlʲ;daːla;daːli;pitɕãː puːʈʂ;pitɕaĩː dʰiː;pʰaːjuː;pʰaĩː dʰiː;mamaː puːʈʂ;mamaĩː dʰiː;mapʰijuː, maɕuː;mapʰijuː, mapʰĩː dʰiː;saka;ɕawurχeːliː;ratãː saktuːb;ɕawurχeːl;bãː gʰẽːra;gʰẽːra;gʰẽːra;mʰaːlzwiː bʰijũː;pitɕaĩː mʰaːlijãː ʐʰaː;mʰaːlzwiː bʰijũː;pitɕaĩː mʰaːlijãː ʐʰaː
Ishkashimi;isk;Iranian;71.55875;36.73882;tɑː, tɑːt;nɑːn;kata nɑːn;zuːs;uduχt;tʃət;vru;iχɑː;vəruwiː kata;vəruwiː tʃət;iχɑːi kata;iχɑːi tʃət;tɑːi kata;nɑːni kata;mən nɑːn nɑː tɑː, tɑːi kata;mən nɑːn nɑː nɑːn, nɑːni kata;nəvis;nəvis, mən zuːs nɑː uduχt;nəvis, uduχt nɑː zuːs;nəvis, uduχt nɑː uduχt;bətʃiː;bətʃiː kata;bətʃiː tʃət;ama;amaj kata;amaj tʃət;χələk;χələki kata;χələki tʃət;χulaː;χulaj kata;χulaj tʃət;vru zuːs;vru uduχt;iχɑː zuːs;iχɑː uduχt;mɑːl;kuːtʃ;ama, tɑːtnɑː vru kuːtʃ kata;ama, tɑːnɑː vru kuːtʃ tʃət;amanɑː mɑːl;χələk kuːtʃ;χuːlanɑː mɑːl;uːznəl;zəmzd, zəməz;vru kuːtʃ;janga kuːtʃ, janga kuːtʃnɑː vru kuːtʃ;iχɑː mɑːl;kuːtʃnɑː iχɑː mɑːl;χəsəːr;χəʃ;χəsəːr, tɑːnɑː mɑːl;χəʃ, mɑːlnɑː nɑːn;eːwar;mɑːlnɑː iχɑː;χəsəːr zuːs;kuːtʃnɑː iχɑː;eːwar kuːtʃ;mɑːlnɑː iχɑː mɑːl;χəsəːr zuːsnɑː kuːtʃ;kuːtʃnɑː iχɑː mɑːl;anbɑːq;zuːs kuːtʃnɑː tɑː;zuːs kuːtʃnɑː nɑːn;ʃətɑːk mɑːlnɑː tɑː;ʃətɑːknɑː mɑːlnɑː nɑːn;iχɑːiza zənɑːn tsafuː;iχɑːina tsanɑːn zavujina;mɑːindaːr;peːandaːr;batʃandaːr;dəχtandaːr;bubui kata;bibiː kata;adʒdɑːd;adʒdɑːd;bətʃi zuːs;bətʃi uduχt;ama zuːs;ama uduχt;χələk zuːs;χələk uduχt;χulaː zuːs;χulaː uduχt;aqɑːriːb, χeːʃ;χeːʃ;aqɑːriːbi weːniː;χəsəːr;katai fɑːmil;katai qawm;katai qabila;iχɑːi za tsa tɑː wɑːki tsa nɑːn dʒədɑː;vruji za tsa tɑː wɑːki tsa nɑːn dʒədɑː;iχɑːi za tsa nɑːn wɑːki tsa tɑː dʒədɑː;vrɑːjiki tsa nɑːn wɑːki tsa nɑːn tɑː dʒədɑː
Kalkoti;xka;Indo-Aryan;72.17480;35.40617;bɑb̥, maːl;je, meːl;jete bɑb̥;puː;peː, diː;tani ləɽkor̥;drɑ;bæːn̥;gɑn drɑ;loːg drɑ;gen bæːn̥;leːg bæːn̥;da̰ːd̥;dḛːd̥;ma̰ːm̥;mḛːm̥;po̰ːtʰ, nose;pḛːtʰ, nose;duːr̥;diːr̥;pitri;gɑn bɑb̥;lukuɖ bɑb̥;pʰeːp;gen pʰeːp;likiɖ pʰeːp;moːl;gɑn moːl;loːg moːl;mḛːɕ;gen mḛːɕ;leːg mḛːɕ;drəwuːt;drəjiːt, draːdi;χore;χoreːr̥;bæræ;kʰæmədiːn̥;gen je;likiɖ je;pʰaːp;mulen;ma̰ːɕ;boː;dʑaːmaːt;draːdʑeː;---;---;---;ɕo̰ːr̥;irpeʂ;ɕoːr;irpeʂ;da̰ːr̥;dʑeːmel;ɕejir̥;saːreːn;draːdʑeː;dʑaːmaːt;ɕajir treːr;saːrɑːn;jeːl;nɑːtr̥;natrḭːn̥;nɑːtr̥;natrḭːn̥;aχrat bæːn̥;aχrat drɑ;dijeːr je;dijoːr bɑb;dijoːr puː;dijeːr;pərdaːd;pərdeːd;bɑb da̰ːd̥;---;pitriː puː;pitriː peː;pʰeːp puː;pʰeːp peː;moːl puː;moːl peː;meːɕ puː;meːɕ peː;tani, aʁrabɑːr̥;---;rɑtə tani waːl̥;ɕoːrɕejiraːl;ɕiː gɑn;məlik;duːm gɑn;bɑb dʑɑ;bɑb dʑɑ;je dʑeː;je dʑeː
Kamviri;xvi;Nuristani;71.33679;35.40986;toːt;nuː;nuː toːt;aːɖiː;dʑuk;parmə;bɻoː;sus;dʑeʂʈ bɻoː;kaːʂʈə bɻoː;dʑeʂʈi sus;kaːʂʈi sus;woː, toːt poːru woː;wajiː, toːt poːru wajiː;woː, nuː poːru woː;wajiː, nuː poːru wajiː;aːɖiː poːru nawoː;pitrəs stə dʑuk, nut;dʑuk poːru nawoː;dʑuk stə dʑuk, nut;kaːʂʈoːt, dʑeʂʈoːt;dʑeʂʈoːt;kaːʂʈoːt;kaːʂʈinu, dʑeɳːu;dʑeɳːu toːt poːru;kaːʂʈinu toːt poːru;mam gilə;dʑeʂʈə mam;kaːʂʈə mam;dʑeɳːu, kaːʂʈinu;dʑeɳːu nuː poːru;kaːʂʈinu nuː poːru;bɻoːguɻ;bɻoːdʑiː;ʂapʂiː;ʂapʂiː;moːtɕ;ɕtriː;dʑeʂʈoːt ɕtriz;kaːʂtoːt ɕtriz;toːt poːru dʑeɳːu moːtɕiz;mam ɕtriz;nuː poːru dʑeɳːu moːtɕiz;uː;zamoː;moːtɕiz bɻoːs ɕtriz;bɻoːs ɕtriz;suzus moːtɕiz;ɕtriːstu suzus moːtɕiz;tsyɻ;ʈʂuʈʂ;tsyɻ;ʈʂuʈʂ;moːtɕiɻ bɻoː;moːtɕiz suzus;ʐami;ɕtriz suzus;moːtɕiz stə bɻoː ɕtriz;moːtɕiz stə suzus moːtɕiz;ʐamis ɕtriz;ɕtriz stə suzus moːtɕiz;jəri;ɕtriz stə tsyɻz;ɕtriz stə ʈʂuʈʂus;dʑustə tsyɻz;dʑustə ʈʂuʈʂus;jari nuːstə ware moːtoː dʑuk;jari nuːstə ware moːtoː aːɖiː;jarinu;kyːɻ toːt;jariz aːɖiː;jariː dʑuk;parwoː;parwəjiː;woː;wajiː;kaːʂʈoːt kuɻ;kaːʂʈoːt dʑyː;toːt stə suzus aːɖiː;toːt stə suzus dʑuk;mam aːɖiː;mam dʑuk;nuːstə suzus aːɖiː;nuːstə suzus dʑuk;zoːtrə;tsyːdarə;eːpa lustə;tsyːdarə;oːlə pamoːmandʑi;uːrə;uːr dʑeʂʈ;toːt eːwa sus;toːt eːwo bɻoː;nuː eːwa sus;nuː eːwo bɻoː
Kashmiri (Ind);kas (i);Indo-Aryan;74.87453;33.96100;moːəl;moːədʑ;moːəlmoːədʑ;netɕu;kuːr;panun ɕur;boːəj;beɲi;bɔɖ boːəj;lakuʈ boːəj;bəɖ beɲi;lakɨʈ beɲi;bɨɖɨ bab;naːɲ;maːdʑi bɨɖɨ bab;maːdʑ naːɲ;zur;zur;zur;zur;petɨr;petɨr;petɨr;pɔpʰ;pɔpʰ;pɔpʰ;maːm;maːm;maːm;maːs;maːs;maːs;baːbtʰɨr;baːwzɨ;bentʰɨr;benzɨ;ruːn, kʰaːndaːr;zenaːn;bəɖ bəjkaːkəɲ;lakɨʈ bəjkaːkəɲ;beːmɨ;bəjkaːkəɲ;beːmɨ;nɔɕ;zaːmtur;bəjkaːkəɲ;bəjkaːkəɲ;beːmɨ;beːmɨ;həhərɨ bab;haɕ;həhərɨ bab;haɕ;druj;zaːm;həhər;saːl;dɨrkaːkəɲ;zəːmi;həhərɨ baːj;səːdʑwɨ;sɔn;soɲ;soɲ;həhərɨ bab;haɕ;wɔrɨ beni;wɔrɨ boːəj;wɔrɨ moːədʑ;wɔrɨ moːl;wɔrɨ netɕu;wɔrɨ kuːr;bəɖ bɨɖɨ bab;bəɖ naːɲ;dʑadɨ bɨɖɨ bab;dʑadɨ naːɲ;pitur boəːj;pitɨr beni;pɔpʰtur boːəj;pɔpʰtɨr beni;maːmtur boːəj;maːmtɨr beni;maːstur boːəj;maːstɨr beni;əːɕnaːw;əːɕnaːw;əːɕnaːw;hoːwɨrʲ;kʰaːndaːr;zʲuʈʰ;zʲuʈʰ;wɔrɨ beni;wɔrɨ boːəj;maːdʑi beni;maːdʑi boːəj
Kashmiri (Pak);kas (p);Indo-Aryan;74.17695;34.79469;moːl;mɨːdʑ;moːltɨmɨːdʑ;nitɕo;koːɽ;panun nitɕo;boːj;bẽɲ;boɽ boːj;lɔkɔʈ boːj;bɨɽ bẽɲ;lɔkɨʈ bẽɲ;baːbɨ;deːdʲ;nãːɲɨ;---;poːtor;poːtɨr;djuːtor;djuːtɨr;pitɨr;tɕetɕ vaːbɨ;nikə tɕetɕə;pɔpʰ;pɔpʰ;pɔpʰ;maːm;maːməj;---;maːs;---;---;baːbtʰɨr;baːwɨz;bintʰɨr;binɨz;garwoːl, kʰãːwõd, ruːn;zanaːnɨ;petɕẽj;petɕẽj;pɔpʰo;maːmãj;maːsoː;nɔɕ;zaːmtur;bəj kaːkãj;bəj kaːkãj;beːmɨ;beːmɨ;hehɔr;haɕ;hehɔr;haɕ;drɨj;zaːm;hahər;saːl;dɨrkaːkãj;---;---;saːɳɖu;sɔn;---;---;---;---;wɔr bẽɲ;wɔr boːj;wɔr mɨːdʑ;wɔr moːl;wɔr nitɕo;wɔr koːɽ;paɽ daːdɨ;paɽ nãːj;ləkɨɽ daːdɨ;ləkɨɽ dɨːdʲ;pitor boːj;pitɨr bẽɲ;pɔpʰtor boːj;pɔpʰtɨr bẽɲ;maːmtor boːj;maːmtɨr bẽɲ;maːstor boːj;maːstɨr bẽɲ;riɕtɨdaːr;---;haɖəl;wɨːrjũ;zuʈʰ;zuʈʰ;---;wɔr bẽɲ;wɔr boːj;wɔr bẽɲ;wɔr boːj
Kati (Eastern);bsh (e);Nuristani;71.33226;35.64028;tɑː;nuː;nuːtɑːt;məɽə;dʑuk;pərməɻ;bɻɑː;sus;dʑiʂʈ bɻɑː;pərməɻ bɻɑː;aːli sus;pərməɻiː sus;altɑːtiːje tɑːtəs;alinuː susus;puruwɑː nuːstə tɑːtəs;puruwej nuːstə wejs;nəwɑː;dʑukə pɑːrə nəwɑː;dʑukə məɽə nəwɑː;dʑukə stə dʑukə nut;madʑimtɑː;dʑiʂʈɑː;kãːʂʈɑː;madʑmiːnuː tɑːtjeː susus;dʑiʂʈɳuː tɑːtjeː susus;kaːʂʈiːnuː tɑːtjeː susus;mam;mam;mam;madʑbinuː susus;dʑiʂʈɳuː naː susus;nuːstə kaːʂʈiː sus;bɻɑː məɽə;bɻɑː dʑuk;susə məɽə;susə dʑuk;mɑtɕ;ɕtəriː;madʑimtɑːtjeː ɕtəris;kãːʂʈɑːtjeː ɕtəris;madʑmiːnuː mɑːtɕis;mameː ɕtəris;naː susus mɑːtɕis;wuː;zəmɑː;bɻɑː ɕtəriː;bɻɑː ɕtəriː;ʐami;ʐami;sijəɻ;ʈʂuʈʂ;sijəɻ;ʈʂuʈʂ;mɑːtɕi bɻɑː;mɑːtɕi sus;ʐami;ʐami;mɑːtɕiː bɻɑː ɕtəriː;mɑːtɕiː stə susus mɑːtɕis;ʐami ɕtəris;ɕtərjeː stə susus mɑːtɕis;jari;məɽə sijəɻs;məɽə ʈʂuʈʂus;dʑukə sijəɻs;dʑukə ʈʂuʈʂus;jari nuːstə warmɑːtɕi taː dʑuk;jari nuːstə warmɑːtɕi taː məɽə;jariː nu;war tɑː;jariː məɽə;jariː dʑuk;purwɑː;purwej;wɑː;wej;madʑimtɑːteː məɽə;madʑimtɑːteː dʑuk;madʑbinaː məɽə;madʑbinaː dʑuk;mameː məɽə;mameː dʑuk;kãːʂʈiːnaː məɽə;kãːʂʈiːnaː dʑuk;zɑːtər;sijuɻdarə;əluːtaːstə;ʐamiː darə;almantɕɑː aməɻwaj;altɑːtbɻɑː;gamdʑiʂʈ;tɑː ɛːwaj sus;tɑː ɛːwɑː bɻɑː;nuː ɛːwaj sus;nuː ɛːwɑː bɻɑː
Kati (Western);bsh (w);Nuristani;70.34477;35.22691;tɑː;nu;nutɑːt;jeː pitrə;je ʑuk;mərə;bɻɑː;sus;dʑeʂʈ bɻɑː;kɻiɕtə bɻɑː;dʑeʂʈ sus;kɻiɕti sus;wɑːw;wajiː;nuɻa tɑːtus wɑːw;nuɻa nuɻus wajiː;nuwɑːk, nuwɑːka pɛːts;nutuk, pɛːts;nuwɑːka dʑuk;nutuka dʑuk;madʑimtɑː;altɑː;kɻiɕtɑː;naniː;ali naniː;pumeɻi naniː;mam;alə mam;pumeɻə mam;naniː;ali naniː;pumeɻi naniː;bɻatərə, bɻɑːɕe pɛːts;bɻɑːdʑi, bɻɑːɕe dʑuk;susa pɛːts;susa dʑuk;mɑːtɕ;ɕtriː;alnuː;kɻiɕtinuː;nanja mutɕis;mamɕe ɕtriːs;nanja mutɕis;wuw;zəmɑː;bɻɑːɕe ɕtriːs;ʐamiɕe ɕtriːs;ʐamiː;bɑːdʑa;tsətsuɻu;ʈʂuːʈʂ;xuɕnaː;ʈʂuːʈʂ;moːtɕis bɻɑs;moːtɕis susus;ʐamiɕe ʐamis;ɕtrija susus;sarəʈ;moːtɕis susus moːtɕis;ʐamiɕe ɕtriːs;bɑːdʑa;jarits;wɑːwus tɑːtus;wɑːwus nuɻus;dʑuka mɑːtɕis tɑːtus;dʑuka mɑːtɕis nuɻus;nuɻus mɑːtɕis dʑuk;nuɻus mɑːtɕis mərə;namuliː;nuɻus mɑːtɕis;namulija puets;namulija dʑuk;paruwɑːw;paruwajiː;waruwajiː;paruwɑːw ɕagliː;tatək bɻɑː;tat sus;nan bɻɑː;nan sus;mali bɻɑː;mali sus;nan bɻɑː;nan sus;tərə asχud;χuɕɑːwand;aʈiː;tsəɻə darə asχud;pamuɻə dʑeʂʈ;qɑːmu dʑeʂʈ;qɑːmu stə alə;tɑːdʑe poːrə sus;tɑːdʑe poːrə bɻɑː;nuɻa poːrə sus;nuɻa poːrə bɻɑː
Khowar;khw;Indo-Aryan;72.51906;36.27825;tat;nan;nantat;ʑaw;ʑuːr;aʑeːli;braːr;ispraːr, ispusaːr;zaq braːr, loʈ braːr;tseq braːr, pʰuk braːr;zaq ispraːr, zaq kai;tseq ispraːr, pʰuk ispraːr;bap;waw;bap;waw;nɔweːs;nɔweːs;nɔweːs, dʑameːli;nɔweːs, dʑameːli;mik;mik;mik;betɕ;loʈ betɕ;tsɛq betɕ;mik;loʈ mik;tsɛq mik;betɕ;zaq betɕ, loʈ betɕ;tsɛq betɕ;nɔweːs;nɔweːs;nɔweːs;nɔweːs;moːɕ;boːk;betɕ;betɕ;mik;betɕ;mik;ruʑaju;dʑamaːr;briʑaju;briʑaju;gɔmit;gɔmit;iɕpaɕuːr;iɕpreɕi;iɕpaɕuːr;iɕpreɕi;gɔmit;briʑaju;gɔmit;briʑaju;briʑaju;gɔmit;briʑaju;gɔmit;amboχtɕan;toχmiran;toχmiran;toχmiran;---;ispraːrbeːli;braːrbeːli;nanbeːli;tatbeːli;ʑawbeːli;ʑuːrbeːli;loʈ bap;loʈ waw;loʈ bap, abawaʑdaːt;loʈ waw, abawaʑdaːt;braːr, mikuʑawbraːr;ispraːr, mikuʑuːrispraːr;braːr, betɕuʑawbraːr;ispraːr, betɕuʑuːrispraːr;braːr, mikuʑawbraːr;ispraːr, mikuʑuːrispraːr;braːr, betɕuʑawbraːr;ispraːr, betɕuʑuːrispraːr;riɕtadaːr;riɕtadaːr;leːo riɕta;iɕpaɕuːrbɔlu;loʈʰoroː;loʈʰoroː;loʈʰoroː;ʑuːrbeːli;ʑawbeːli;ʑuːrbeːli;ʑawbeːli
Kohistani Shina;plk;Indo-Aryan;73.18946;35.05837;maːlu̥, bubaː, babaː;mãː;mãː maːlu̥;puʈʂ;diː;toːmu̥ puʈʂ;ʐaː;sas;baɽu̥ ʐaː;lekʰu̥ ʐaː;baɽi̥ sas;lekʰi̥ sas;daːdu̥;dadi;daːdu̥;dadi;poːʈʂu̥;poːʈʂi̥;poːʈʂu̥;poːʈʂi̥;piʈʂi;piʈʂi;lekʰu̥ piʈʂi;pʰiːpi̥;baɽi̥ pʰiːpi̥;lekʰi̥ pʰiːpi̥;mahul;baɽu̥ mahul;lekʰu̥ mahul;mafi̥;baɽi̥ mafi̥;lekʰi̥ mafi̥;huruʈʂ;huruʈʂẽːj;sazuː;sazuj;barioː;tɕej;baɽi̥ mãː;lekʰi̥ mãː;pitɕaː;pʰipoː;pitɕaː;nuːʂ;ʑamʈʂo;ʑaʐa;ʑaʐa;sazeː χawan;---;tɕeː bubaː;tɕeː mãː;bubaː;mãː;lewar;ʑaʐa;tɕeː ʐaː;tɕeː sas;ʑaʐa;---;---;---;habeːɳi̥;---;---;---;---;tɕitɕi̥ piːli̥ sas;tɕitɕi̥ piːlu̥ ʐaː;loːɡi̥ mãː;---;loːɡu̥ puʈʂ;loːɡi̥ diː;paɽdaːdu̥;paɽdæːdi̥;maːlu̥ daːdu̥;---;pitɕeː puʈʂ;pitɕeː diː;pʰipijaː ʐaː;pʰipijaː sas;mahuleː puʈʂ;mahuleː diː;hurmulijaː ʐaː;hurmulijaː sas;nasbiː, uskuːn;---;leːleː nasab;---;maːlik;qoːmeː baɽu̥;qoːmeː baɽu̥;loːɡi̥ sas;loːɡu̥ ʐaː;loːɡi̥ sas;loːɡu̥ ʐaː
Kundal Shahi;shd;Indo-Aryan;73.82363;34.55627;maːl;meːl;meːl maːl;kuɽʰ;kyɽʰ;apijãː kuɽʰ;jaː, biːr;saz;baːnd jaː;tɕunu jaː;bɛːnd saz;tɕuni saz;daːdʰ;deːd;nãːɽã;nãːɳĩ;poːtər;pɛːtir;dehɔːɽ;dehɛːɽʰ;pitri;bandwaː;tɕunu pitri;faːj;bɛːnd faːj;tɕuni faːj;mɔːl;baːnd mɔːl;tɕunu mɔːl;mɛːs;bɛːnd mɛːs;tɕuni mɛːs;jaːlpuːtər;jaːldiː;sazuːɽʰ;sazyːɽʰ;garwaːl;garweːl;bendjeː;tɕuni meːl;faːj;mami;masa;niːhɪɽʰ;dʑumaːtrə;kɛːkin;nenãːɽʰ;soːsaŋ garwaːl;bẽɳjə;ɕɛːr;ɕaɕ;ɕɛːr;ɕaɕ;dɛːr;dirɛ̃ːɳe;saːlə;sɛːle;kɛːkin;dʑɛːʈʰ;kɛːkin;saːɳɖu;habɛːn;---;---;---;---;maŋdiː;maŋpuːtər;sak maːl;sak meːl;sukawu;sukoːj;paɽdaːd;paɽnæ̃ːɳẽ;daːdijaːl;lakəɽdeːd;pitruːr;pitreːr saz;faːfuɽ jaː;faːfiɽ saz;moːloːɽ jaː;moːliːɽ saz;maːsuːɽ jaː;maːsyːɽ saz;---;---;rotsãː riɕtə;ɕɛːrən waːl;---;---;---;matrɛːri saz;matrɛːri jaː;matrɛːri saz;matrɛːri jaː
Kyrgyz;kir;Turkic;73.97764;36.89837;ɑːta;enɛː;oʁlu;bɑlaː;qɯz;naristeː;ini;edʑɛː;ɑʁɑːm;inim;edʑɛː;qɑrəndɑːɕ;tɕoŋ ɑta;tɕoŋ enɛː;taj ɑta;taj enɛː;neːwəreː;neːwəreː;dʑeːn;tɕeːwəreː;tɕoŋ ɑwa;tɕoŋ ɑwa;akam;tɕoŋ inim;tɕoŋ inim;edʑɛː;tɑʁɑ;tɑʁɑ;tɑʁɑ;taj edʑɛː;taj edʑɛː;taj edʑɛː;inim;inim;dʑeːn;dʑeːn;eːr;zɑjib;dʑiŋɛː;keliŋ;dʑizdeː;dʑiŋɛː;dʑizdeː;keliŋ;kyjøːw, kyjøːwɑla;dʑiŋɛː;keliŋ;dʑizdeː;dʑizdeː;qɑj nɑta;qɑj ninɛː;qɑj nɑta;qɑj ninɛː;qɑj nɑʁɑ;bɑːldɯz;quda;qɑj nitɕeː;qɑj niː;bɑldɯz;dʑiŋɛː;kyjøːwn;ɑwsɯn;ɑta;enɛː;qɑj nɑʁɑ;qɑj ninɛː;ɑj ɕidʑɛː;ɑj ɕaka;sɑːʁɯr;sɑːʁɯr;bɑlam;qɯzɯm;tɕoŋ bɑba;tɕoŋ ini;ɔːrutu;tuʁan;ɑʁɯnɯ bɑla;ɑʁɯnɯ qɯzɯ;---;---;tɑʁɑ bɑlɑsɯ;tɑʁɑ qɯzɯ;bøløm;taj edʑɛː;tɕoqul;tuʁan;tuʁɑn azɑːta;tɕoqul;ɑːqsɑqɑl;tɕoŋ;tɕoŋ aka;qɑrɯn daːɕ;ini;tuʁan;doːsum
Ladakhi;lbj;Tibeto-Burman;77.25266;34.12240;aba;ama;pʰama;putsa;pomo;raŋʈuk;miŋbo;nomo;kaʁa;nono;atɕe;nomo;meme;abi;meme;abi;tsʰaʁo;tsʰamo;tsʰaʁo;tsʰamo;agu;abatɕʰenmo;agu;ane;ane;ane;aʑəŋ;aʑəŋ;aʑəŋ;matɕuŋ;matɕuŋ;matɕuŋ;tsʰaʁo;tsʰamo;tsʰaʁo;tsʰamo;maqpa;nama;ane;ane;aʑəŋ;ane;aʑəŋ;pomo;putsa;atɕe;atɕe;kaʁa;---;aba;ama;aba;ama;kaʁa;atɕe;kaʁa;atɕe;atɕe;kaʁa;atɕe;kaʁa;tɕatɕuŋ;putsa;atɕe;kaʁa;atɕe;atɕe;kaʁa;matɕuŋ;aba;putsa;pomo;meme;abi;abimeme;abimeme;kaʁa;atɕe;kaʁa;atɕe;kaʁa;atɕe;kaʁa;atɕe;ɲen;ɲen;ɲen;ɲen;aba;goba;goba;atɕe;kaʁa;atɕe;kaʁa
Munji;mnj;Iranian;70.90873;35.96907;tɑːt;neːnə;mɑːmə;puːr;kəncikə;zunɟəːg;vrɑːj;jeχə;xuːʃci vrɑːj;candər vrɑːj;χuːʃciʁ jeχə;candər jeχə;pɑːp;mɑːmə;pɑːp;mɑːmə;naːweːs;naːwesə;naːweːs;naːwesə;bɑːj;bɑːj;bɑːj;kəkə;kəkə;kəkə;bɑːj;bɑːj;bɑːj;kəkə;kəkə;kəkə;vrɛːriː;vrɛriːʁə;χəriː;χəriːʁə;ʃəfiː;wulɛː;bɑːj wulɛː;bɑːj wulɛː;kəkʃfiː;bɑːj wulɛː;kəkʃfiː;zəniːjɛː;zamɑːj;zəniːjɛː;zəniːjɛː;zamɑːj;zamɑːj;χəsəːr;χəʃɛː;χəsəːr;χəʃɛː;jiː;nənɛː;χəsərbuːrɛː;χijɛːʁnə;iːwulɛː;---;wuləʒɛː rewnɛn;bɑːdʒɛː;sawnə;qədəː;qədəː;qədəː;qədəː;χɑːhar χɑːnɛː;brɑːdar χɑːn;mɛːdrə;---;pijɑːndər;pijɑːndərɛː;pɑːp;mɑːmə;aʒdɑːd;aʒdɑːd;bɑːj puːr;bɑːj ləʁdɛː;kɛk puːr;kɛk ləʁdɛː;bɑːj puːr;bɑːj ləʁdɛː;kɛk puːr;kɛk ləʁdɛː;qawmiː;qədɛʁiː;aməkiː;qədɛʁiː;χuːʃci;χuʃci ʒə qawman;χuʃci ʒə qabilɛʁɛn;ʒə tɑːtan qatiː ʒə neːnin dʒədɑː;---;ʒə neːnin juː ʒə tɑːtan dʒədɑː;ʒə neːnin qatiː ʒə tɑːtan dʒədɑː
Nuristani Kalasha;wbk;Nuristani;70.96082;35.13620;tati;jej;jej tati;zaga;dʑy;tan manə;braː;sos;dyʂʈø braː;kønɕtø braː;dyʂʈøː sos;kønɕtøː sos;guɽuwaː;gaɳẽj;guɽuwaː;gaɳẽj;nawãː;nut;nut;nut;kønɕtø tati;dyʂʈø tati;kønɕtø tati;pipiː;dyʂʈøː pipiː;kønɕtøː pipiː;mel;dyʂʈø mel;kønɕtø mel;jej;dyʂʈøː jej;kønɕtøː jej;braː zaga;paʂi;paʂi;paʂi;maːtɕ;iɕtriː;---;kønɕtø tatebistriː;pipeːbə matɕ;malɛːj;tati;wow;zamaː;ɻuk;ɻuk;wawej;ɻuk;puɕyːr;tsoːdər;puɕyːr;tsoːdər;deʂʈə;ɻuk;wawej;ɻuk;kylmyʂ;tati;ɻuk;saɳɖy;matɕmyʂ;naːtr;naːtr;naːtr;naːtr;sos wẽː;braː wẽɻ;kønɕtøː jej;kønɕtø tati;nuwə braː;nuwə braː;pərmatɕ;pargaɳẽj;guɽuwaː;gaɳẽj;kønɕtø tateba zaga;kønɕtø tateba dʑy;pipijytr;pipidʑy;melytr;meldʑy;jejytr;jejdʑy;damtsaw;damʂatɕeːg;damtsaw;pyɕriː;amaːbə dyʂʈøːg;darejbə dyʂʈøːg;gũːɻbə dyʂʈøːg;sos tati ew aje dy;dʑatie: bə zaga;dʑatebə jeːbə dʑy, jeː upni;jeː upna
Palula;phl;Indo-Aryan;71.73994;35.43939;baːbu, mʰaːlu;jeːj, mʰeːli;jejeːbaːbu;putr;dʰiː;andʑurú;brɦoː;bʰɛːɳ;kaːku;kuːtɕo;keːki;kuːtɕi;doːdo;deːdi;moːmo;meːmi;puːtro;puːtri;djɦuːɽo;djɦuːɽi;pitri;gaːɖbaːbu;lʰoːkbaːbu;pʰeːpi;pʰeːpi;pʰeːpi;maːmaː;maːmaː;maːmaː;meːɕi;geːɖjeːj;lʰoːkjeːj;brɦaːputr;brɦawdʰiː;bʰɛɳiputr;bʰɛːndʰiː;bʰariːw;kuɽi;geːɖjeːj;lʰoːkjeːj;pʰoːpo;moːli;moːɕpo;bʰoːj;dʑʰamatroː;brɦaːdʑej;brɦaːdʑej;ʐami;saːroːɳo;ɕuːr;preʂ;ɕuːr;preʂ;diːr;dʑʰeːmili;wiːwaj;saːreːɳi;brɦaːdʑej;---;---;saːɳɖu;abʰiːɳi;abʰeːɳijejí;abʰeːɳibabó;abʰeːɳikuɳoːk;abʰeːɳikuɳeːki;---;---;---;---;---;---;pardoːdo;parmeːmi;doːdabaːwa;---;pitriː putr;pitriː dʰiː;pʰeːpiː putr;pʰeːpiː dʰiː;maːmiː putr;maːmiː dʰiː;meːɕiː putr;meːɕiː dʰiː;aχpul;---;---;ɕawura;gʰoːʂʈiː gʰaɖeːro;qoːmiː gʰaɖeːro;qoːmiː gʰaɖeːro;---;---;---;---
Parachi;prc;Iranian;69.64719;35.09915;bɑw;mɑː;mɑːwo bɑw;poʃ;dot;bɑːluː;bija;χiː;gʰaɳɖ bija;tʃiːnu bija;gʰaɳɖ χiː;tʃiːnu χiː;kaʈa bɑw;kaʈa mɑː;kaʈa bɑw;kaʈa mɑː;nawɑː;nawɑː;nawɑː;nawɑː;kɑːkɑː;kɑːkɑː;kɑːkɑː;amːa;amːa;amːa;taʁɑiː;taʁɑiː;taʁɑiː;χɑːla;χɑːla;χɑːla;bijaːʁuɽuːk;bijaːʁuɽuːk;χiːʁuɽuːk;χiːʁuɽuːk;χɑː;dʒintʃ;zane kɑːkɑː;zane kɑːkɑː;ʕamajikeː χɑː;mawleːneː;χɑːlajikeː χɑː;so;zɑːmɑː;jaŋga;jaŋga;jɑːzna;jɑːzna;χosor;χoʃ;χosor;χoʃ;hiːwar;nanuː;χosor bura;χɑːʃna;zani hiːwar;---;---;bɑːdʒa;anbɑːq;---;---;---;---;awar χiː;brɑːdar andar, awar bija;mɑːdar andar, awar mɑː;awar bɑw;awar poʃ;awar dot;kaʈa bɑw;kaʈa mɑː;---;---;batʃaje kɑːkɑː;doχtare kɑːkɑː;batʃaje amːa;doχtare amːa;batʃaje taʁɑːiː;doχtare taʁɑːiː;batʃaje χɑːla;doχtare χɑːla;nazdiːkijɑːn;χiʃ;qawm;χosor χiːlan;gʰaɳɖeː ʁosekeː;gʰaɳɖeː qawmekeː;gʰaɳɖeː qawmekeː;awar χiː;awar bijɑː;awar χiː;awar bijɑː
Pashai Alasai;psh (ai);Indo-Aryan;69,75581;34,94752;baːw;aːjə;aːjəw baːw;puːtr;wijə;baːlkuːl;laːj;saːjə;awla laːj;lawuːk laːj;awli saːjə;lawtɕə saːjə;awla bawa;awli aji;buɖaː;buɖiː;nawaːj;nətiː;nawaːj;nətiː;mambuː;awla mambuː;lawuːk mambuː;maːmbiː;awli maːmbiː;lawtɕə maːmbiː;maːmaː;awla maːmaː;lawuːk maːmaː;maːmbiː;maːmbiː;maːmbiː;lawuːtr;laːj wijə;nawaːj;nətiː;iʂpaːndʑ;maːɕiː;awli mambijaniː;lawtɕə mambijaniː;majmbaː;mawlaniː;majmbaː;suːnzə;dʑaːmaːj;laːdʑaː;laːdʑaː;daːdaː;daːdaː;ɕəjiːr;ɕəjruː;ɕəjiːr;ɕəjruː;deːruː;dʑaːmiː;iʂpaːriː;sijaniː;baŋgijaniː;dʑaːmi iʂpaːndʑ;iʂpaːri maɕiː;baːdʑaː;ambaːʁ;χeːɕaːn;quduː;quduː;quduː;awar saːjə;awar laːj;awar aːjə;awar baːw;awar puːtr;awar wijə;kaʈaː;awli buɖiː;naːwə nəbidaː;naːwə nəbidaː;mambuː puːtr;mambuː wijə;maːmbiː puːtr;maːmbiː wijə;maːmaː puːtr;maːmaː wijə;maːmbiː puːtr;maːmbiː wijə;χeːɕaːn;χeːɕaːn;aqareːw;ʂəjru kulaː;sarparastə fɑmiːl;χəl daːɽiː;malejk;awar saːjə;awar laːj;awar saːjə;awar laːj
Pashai Alingar;psi (ar);Indo-Aryan;70.41725;34.86533;buwɑː;ɑːi;ɑːi ɑw buwɑː;oːjɑː;oːɖək;tɕəɳɖɑː;lajɑːm;sajɑːm;gəɳ lajɑːm;tɕəɳɖɑː lajɑːm;gəɳajniː sajaeː;tɕəɳɖiː sajaeː;bɽin buwɑː;bɽən ɑːi;bɽin buwɑː;bɽən ɑːi;masɑːm;masɑːmiː;masijɑːm;masijamiː;kɑːkɑː;ɖiʂʈɑː kɑːkɑː;kaniʂʈɑː kɑːkɑː;mɑːmoː;ɖiʂʈiː mɑːmoː;tɕəɳɖiː mɑːmoː;mɑːmɑː, mɑːwuː;gəɳijaːna mɑːwu;tɕəɳɖɑː mɑːwu;mɑːmoː;ɖiʂʈiː mɑːmoː;tɕəɳɖiː mɑːmoː;lajestam ojeː;lajestam ojə;sajestam ojeː;sajestam ojə;pɑːndʑ;zajebam;ɖiʂʈɑː kɑːkastam zejbiː;tɕəɳɖɑː kɑːkastam zejbiː;mɑːmoːestam pɑːndʑə;mɑːmaestam zejbiː;mɑːwistam pɑːndʑə;lajestam zejbiː;dʑɑːməjɑː;wəreːndɑːr, lajestam zejbiː;wəreːndɑːrə, sajestam laːjestə zejbiː;dʑɑːməjɑː;sajestam pɑːndʑə;sansərɑː;sansəriː;sansərɑː;sansəriː;leːwar;pɑːndʑəstam sajə;pijɑːriː;sajɑːniː;lajestam zejbiː;bɑːdʑɑː;pijɑːriː zejbiː;bɑːdʑɑː;amak;sansara guliː, doːstɑːn;oːjestɑː zejbiː ɑːi;oːjesteː sansərɑː;oːjesteː sansəriː;awər oːjɖək aw awər oːjɑː;awər oːjɑː;awər ɑːi;buwɑː tarafeː oːjɑː;buwɑːst oːɖɑː;buwɑːst oːjɖək;bɽin buwɑː;bɽən ɑːi;bɽin bɑbɑː;bɽin bɑbɑː;kɑːkɑː oːjɑː;kɑːkɑː oːjɖək;nawaje;nadək;mɑːmɑː oːjɑː;mɑːmɑː oːjɖək;mɑːmiː oːjɑː;mɑːmoː oːjiː;tɑːnuk χalak;χeːχɑːn, doːstɑːn;aɳʈiliː;sansəra guliː;guɕəneː ɖiʂʈɑː;malək, qawmiː ɖiʂʈɑː;qabilɑː ɖiʂʈɑː;awər oːjɑː ojɖək;awər oːjɑː;awər oːjiː sajə;awər lajeː
Pashai Alishang;glh (ag);Indo-Aryan;70.08457;34.92865;baːwa, daːda, aːʁa, baːbo;aːi;---;pytər, pətreːm;weːm;baːɽo;laːjem;sajem;ɔːlu laːjem, məɕər laːjem;salaːko, kəɕər laːem;ɔːlu sajem, məɕər sajem;salaːki sajem, kəɕər sajem;baːba, baːwa, bəɖən baːwa;bəɖən aːi, aːi;bəɖən baːwa;bəɖən aːi, bəɽaːi, aːkane;nawaːjem;natiːm;nawaːjem;natiːm;kaːka;ɔːlu kaːka, məɕər kaːka;salaːko kaːka;maːmbiː, ama;ɔːlu maːmbiː, məɕər maːmbiː, məɕər ama;salaːki maːmbi, kaneʂʈi maːmbi;maːma;ɔːlu maːma, məɕər maːma;salaːko maːma, suɽ maːma, kəɕər maːma;χaːla;ɔːli χaːla, məɕər χaːla;suɽ χaːla, kəɕər χaːla, kaneʂʈi χaːla;laːwu trəm;laːweːm;sejaːseme pʉtər, nawajem;sejaːseme weːa, natiːm;kaleːt, χaːwan, wajnu;maːɕim, ajalim;məɕər kaːk maːɕiː, ɔːli maːmbaːsa maːɕiː;kəɕər kaːk maːɕiː, kaneʂʈi kaːk maːɕiː, salaːki maːmbaːsa maːɕiː;maːmbasam kaleːt, maːmbasame waːjena;maːwaniː, maːləsa maːɕiː;maːmbasam kaleːt, χaːleːsam kaleːt;sanzeːm, pʉtraːsam maːɕiː;dʑaːmeːm, dʑaːmaeːm;wərindaːr, laːdʑeːm, laːmaːɕeːm;laːdʑeːm;dʑaːmiːm;dʑaːmiːm;ʂeːreːm, maːɕtamebaw;ʂeːriːm;ʂeːreːm;ɕaɕriː, ʂeːriːm;deːrewam;dʑaːmeːm;iʂpaːriːm;sajanim;deːrwesam maːɕiːm;dʑaːmasam kaleːt;iɕparasam maːɕiː;baːdʑoː;ambɔːχ;pətraːsame ʂeːre;pətraːsame ʂeːria;weaːsame ʂeːre;weaːsame ʂeːria;aːkane dʑədoː seːwər;bərgəʈi;awar aːiː;awar bawu;bərgəʈoː;bərgəʈiː;baːba, kaʈbəʈəm baːwa;aːiː;baːkane nasab;aːkane nasab;kaːkaː pytər;baːsame maːmbasəweː, baːsame seaːseweː;baːsame seaːsa pytər;amaːesam weː;maːma pytər;maːmaː weː;χaːla pytər;χaːla weː;doːstaːn, taːnyk;goːrawal tarapeː taːnyk, χɛːɕaːn;nazdik doːstaːn, beːrunʉzy taːnyk;χɛːɕaːn;waːiː məɕər;χɔːmi məɕər, malek, χabili məɕər;χɔːm məɕər, waɳɖi məɕər, gry məɕər, sargʉrʉb;aːiː tarapeː dʑudulaem;baː tarapna dʑudulaem;awar sajem;awar laːjem
Pashai Amla;psi (am);Indo-Aryan;70.57805;34.67743;daːdaː;aːi;---;poleːm, poːɬim;oj, oːja;tɕənʈaː;laːiː;sajaːm, dʑidʑi;gaɳaːna lːajam;tɕənʈa laːjam;gaɳaːni sajaːm;tɕənʈi dʑidʑi;baːbaː;baːjiː;baːbaː;baːjiː;nawaːj;nadːi, nati;nawaːj;nadːi, nati;kaːkaː;gaɳ kaːkaː;tɕənʈa kaːkaː;maːmaː;gaɳaːni maːmaː;tɕənʈi maːmaː;baːwuː;gaɳaːna baːwuː;tɕənʈa baːwuː;maːmaː;gaɳaːni maːmaː;tɕənʈi maːmaː;laːwəɬəm;laːwəjam;nawaːj;nadːi;paːntɕ;maːda;goːrawaːj;tɕənʈi goːrawaːj;maːmaːs pandʑe;mawaːni;maːmaːs pandʑe;sənzam;dʑaːmaːj;ʂeːnak;ʂeːnak;dʑaːmaːj;dʑaːmaːj;ɕeːruːm;ɕeːrim;ɕeːruːm;ɕeːrim;deːraw;dʑaːmija;paːjriː;sijaniː;derəwan;dʑaːmijaː;paːjriː zajbi;baːdʑa;ambak;χeːχaːn;χeːχaːn;χeːχaːn;χeːχaːn;awər saraːj;awər laːi;awər aːi;awər daːdaː;---;---;baːbaː;---;daːdaːs nasbi;aːjis nasbi;kaːkaːs pole;kaːkaːs oːje;nawaːj;nadːi;baːwuː;tɕapːʉ;nawaːj;maːmaːs oːje;taːnik;χeːχaːn;aɳʈa ɕarik;χeːχaːn;guɕangas dʑiʂʈaj;qawmas dʑiʂʈaj;qarijas dʑiʂʈaj;awər saj;awər laːi;awər saj;awər laːi
Pashai Aret;aee (at);Indo-Aryan;70.72301;34.74631;bəw;oj;oj bəw;putrəm;wɔːm;maːʂum;blɔːm;sawom;ɖeːʂʈɔː blɔːm;kaneʂʈɔː blɔːm;ɖeːʂʈi sawom;lam sawom;bəwəs bawɛː;gaɳejam;baːbejam;gaɳejam;nawaːsom;naːsijom;nawaːsom;naːsijom;kaːgɔː;ɖeːɕʈɔː kaːgɔː;lam kaːgɔː;maːmejom;ɖeʂʈeː maːmejom;kaneʂʈeː maːmejom;mæːk;ɖeːʂʈɔː mæːk;kaneʂʈɔː mæːk;maːmejom;ɖeʂʈeː maːmejom;kaneʂʈeː maːmejom;laːestəm;laːestam oːja;nawaːsa;nawaːsi;ponze;tərik;æːje;æːje;mɔːmejom;mamak;maːmba;sunzam;dʑomaːm;ɕenegom;ɕenegom;pɔereːm;pɔereːm;ɕeːrem;ɕeːrem;ʂenʂurim;ʂenʂurim;dərwiː;dʑaːmea;faːri, fajri;awər sawoːm;dərwanəm, dərəwan, zajif;laːlaː ham laːlaː;ʂenek;awxe, baːdʑawaneː;ʐuwaɽen;pətrastom ɕeːrə;pətrastom ɕeːrwaː ham;waːstom ɕeːrə ham;waːstom ɕeːrwaː ɕeːrə;awər sawom;---;awər;awər;baːwast putrə;oːjast putrə;bej bawo;bej baːwast waːjə;baːwast;baːwast dʑudaː;baːwast blaːwa putrə;baːwast blaːwastɔː;baːwast saːwastɔː putrə;baːwast wa;maikəst putrə;maikəst wa;mombestom putrə;mambeːst wa;tɔːnuk dustaːn;χeːnan dustaːn;astrə ɕarik;---;gəɕinast məɕəra;ulusas ɖeʂʈeː;tapɔːs ɖeʂʈeː;---;---;naːsikɔ sɑw;naːsikɔ blaw
Pashai Chalas;aee (ch);Indo-Aryan;70.86116;34.75934;baːw;aːi;aːi aw baːw;fuləm;woːm;laːm;loːm;sawoːm;dəʂʈoː loːm;kaːniʂʈoː loːm;dəʂʈiː sawoːm;kaːniʂʈie sawoːm;gaːɳ baːw;gaɽaːi;aːi bohoː gaːɳ baːw;aːi bohoː gaɽaːi;nosom;nosiːm;waːstəm fulə, nosom;waːstəm waː, nosiːm;baːwas la;baːwas dəʂʈoː la;baːwas kaniʂʈoː la;baːwas sawa, mumik;baːwas dəʂʈiː sawa, dəʂʈiː mumik;baːwas kaniʂʈiː sawa, kaniʂʈiː mumik;meːk, aːis la;aːis dəʂʈoː la, dəʂʈoː meːk;aːis kaniʂʈoː la, kaniʂʈoː meːk;aːis sawa, kaniʂʈiː aːi;aːis dəʂʈiː sawa, dəʂʈiː aːi;aːis kaniʂʈiː sawa, kaniʂʈiː aːi;laːstəm fulə;laːstəm wa;xoraja, sawaːstəm pʰulə;nosiːm, sawaːstəm wa;pojn;ɬik, moːʂi;baːwas dəʂʈiː laːstoː ɬik;baːwas kaːniʂʈoː laːstoː ɬikja;mumikəs poːzə, baːwas sawastoː poːzə;---;aːis sawaːstoː poːzə;suzoːm;zoːmoːm, zoːmaːi;ɕinik, laːsəm ɬikja;ɕinik;zoːmoːm, sawastəm poːzə;ɕiõːɽuk;ɕəɕuroː, ɬijastəm bawa;ɕəɕuriː, ɬijastəm oja;ɕəɕuroː, poːzəstəm bawa;ɕəɕuriː, poːzəstəm oja;ɕiõːɽuk;zuzoːmi;ɕiõːɽuk;ɕiõːɽik;ɕoʈonik;zuzoːmi poːzə;ɕiõːɽəkə ɬija;ɕiõːɽuk;dʑõːɽ;fuləstəm ɕəɕuraː;fuləstəm ɕəɕuriːa;waːstəm ɕəɕuroː;waːstəm ɕəɕurijoː;parəsaːw;---;parə;parə baw;parə fuləm;parə woːm;gaɳ baːw;gaɳaj;baːwas gaɳ bɔwa;aːis gaɳ bɔwa;baːwas loː fulə;baːwas laːstoː wa;baːwas nosija;mumikəs wa;meːkəs fulə;meːkəs wa;aːis sawastoː fulə;aːis sawastoː wa;aχpəlwoːm;ɕəɕuroːs aχpəl;ɛːdak aχpəlwoːm;ɕəɕuroː aχpəl;giɕinəs dəʂʈiː;qoːmənoː dəʂʈiː;kəndijəs dəʂʈiː;parə aːis sawoːm;parə aːis boho loːm;parə bawas boho sawoːm;parə bawas boho loːm
Pashai Korangal;aee (kg);Indo-Aryan;70.92458;34.90063;babɔ;aːj;aːj ew babə;pʰulem;woːm;kaːku;loːm;sawoːm;ɖeɕtə loːm;kaniɕtə loːm;ɖeɕti sawoːm;kaniɕti sawoːm;bləw babɔ;blʉwi aːj;bləw babɔ;blʉwi aːj;masej;masej;masej;masej;daːdɔ;ɖəɕtə baːbɔ;kaniɕtə daːdɔ;kaniɕti aːj;kaniɕti aːj;lehi kaniɕti aːj;maːmɔ;ɖəɕtə maːmɔ;kaniɕtə maːmɔ;aːj;ɖəɕti aːj, gaːj;kaniɕti aːj;wuraːrə;wurijeːra;χarejɔ;χurzəm;punze;muːɕim;ɖəɕtə baːbas muɕijɔ;kaniɕtə baːbas muɕijɔ;mumik;makjuni;---;sunzoːm;zoːmem;ɕinik;ɕinik;zoːmem;uːχej;ɕaɕurɔ;ɕaɕuriː;ɕaɕurɔ;ɕaɕuriː;leːwər;ɕinik;uːχej;χina;ɕinik;saːɳɖu;awuːχistəm muɕijɔ;saːɳɖu;dʑoːɳa;ɕaɕurɔ;ɕaɕuriː;ʂejru;ʂejru;sawoːm;loːm;mejre ajəm;mejrə baboːm;aːj patɕədewɔ;aːj patɕədewiː;nike;---;ʈər nikeːm;---;daːdas pʰule;daːdas waː;mumikas pʰule;mumikas waː;maːmas pʰule;maːmas waː;kaniɕtiː ajas pʰule;---;amə taːnugɔːn;aχpəlwɔːn, ɕaɕurɔː;geɕiːnu taːnugɔːn;ɕaɕuraχeːlwɔːn;ɖeɕtɔː;ɬomu malek;ɬomu miɕir;mejra sawoːm;mejra pʰulem;wari ajis sawoːm;wari ajis pʰulem
Pashai Sanjan;glh (sn);Indo-Aryan;69.36181;35.13991;bɑːbɑː;ɑːiː;uːjaw buː;puːter;dʑɑːndʑige;oʂʈuːk;bɽuːje;sɑːje;awlu bɽuːje;jaqaʈu bɽuːje;awli sɑːje;jaqaʈi sɑːje;awlu buː;awli ɑːiː;awlu buː;awli ɑːiː;nawəj;natiː;nawəj;natiː;mambuː;mambuː;mambuː;ɑːmə;ɑːmə;ɑːmə;mawluː;mawluː;mawluː;mɑːmbiː;mɑːmbiː;mɑːmbiː;bɽaw tuːr;χuwɑːr dɑːduː;χuwɑːr dɑːduː;χuwɑːr dɑːduː;iʂpundʑ;iɕtərke;jɛnguː;jɛnguː;dʑɑːmɑː;jɛnguː;mɑːmbiː iʂpundʑ;sənze;dʑɑːmɑː;jɛnguː;jɛnguː;dʑɑːmɑː;dʑɑːmɑː;ɕejiːr;ɕejruː;ɕejiːr;ɕejruː;diːruː;dʑɑːmiː;iʂpajriː;sajɑːniː;diːruː iɕtərke;dʑɑːmɑː;iʂpɑːriːsəm iɕtərke;bɑːdʑuː;ambɑːʁe;qoduː;qoduː;qoduː;qoduː;andariː sɑːje;andariː bɽuːje;awar uːje;awar buː;andariː puːter;andəriː weːje;awlu buː;awli ɑːiː;bɑːbe kalan;bɑːbe kalan;mambɑː puːter;mambɑː weːje;ame puːter;ame weːje;mawle puːter;mawle weːje;mɑːmbiː puːter;mɑːmbiː weːje;nazdiːkɑː;χəjɕ;iː padər;ɕajer kuliː;awlu fɑːmel astɑː;ɖabən qawm;malik qarijuː;anderiː sɑːjə padəriː;anderiː bɽuːjə padəriː;anderiː sɑːjə mɑːdəriː;anderiː bɽuːjə mɑːdəriː
Pashai Shemal;aee (sh);Indo-Aryan;70.56220;34.75934;baːw;aːj;aːj baːw;pulɛm;wɑːm;bəlagul;lɑːm;sawɑːm;ɖəʂʈə lɑːm;kaniʂʈə lɑːm;ɖəʂʈi sawɑːm;kaniʂʈi sawɑːm;gaɳ baːw;gaɳ aːj;gaɳ baːw;gaɳ aːj;nawajem;nɑːsijem;nawajem;nɑːsijem;bɑːwəs laː;bɑːwəs ɖəʂʈə laː;bɑːwəs kaniʂʈə laː;bɑːwəs sawa;bɑːwəs ɖəʂʈi sawa;bɑːwəs kaniʂʈi sawa;moːlɛm;moːləstəm ɖəʂʈə laː;ajis kaniʂʈə laː;ajis sawa;ajis ɖiʂʈi sawa;ajis kaniʂʈi sawa;laːstəm pulɛ;laːstəm wa;suzaːstəm pulɛ;sawaːstəm wa;ɬik pɑːnzək;pɑːnzək ɬik;bɑːwəs laːstə ɬika;bɑːwəs kaniʂʈə laːstə ɬika;bɑːwəs sawastə poːnzə;moːləstəm ɬika;ajis sawastə poːnzə;suzɔːm;waːstəm poːnzə, zɔmaːm;ɕənigeːm;laːstəm ɬika;zəmaːm;pɑːrijem;ɕɛːrem;ʂanʂurijeːm;ɕɛːrem;ʂaɳʂurijeːm;pɑːnstem laː deːra;zuzumijem;pɔːriː;ɕijɑ̃ːɽik;ɕenik;zɔmaːm;pələstəm ɬija;saɳɖugɔːn;jɑ̃ːɽ;suzɑːm;ʂaɳʂuriː;ɕɛːrem;ʂaɳʂurijeːm;səraguɽɑː;səraguɽa lɑːm;jɑ̃ːɽ;baːw;pəlem;wɑːm;gaɳ baːw;gaɽaːj;gaɳ baːw;gaɽaːj;seraguɽa lɑːm;seraguɽi sawoːm;nawajem;nɑːsijem;moːlastəm pulɛ;moːlastəm wa;moːmejistəm pulɛ, seraguɽa lɑːm;seraguɽa sawɑːm;taːnəgam dəstanəm;dəstanəm;taːnəgam;ɕɛːrem;ɖəʂʈɑː;məleːk;tapɑːs ɖəʂʈa;jɑ̃ːɽ sawɑːm;jɑ̃ːɽ lɑːm;jɑ̃ːɽ sawɑːm;jɑ̃ːɽ lɑːm
Pashto (Afgh);pbu (a);Iranian;69.64719;34.83931;plaːr;moːr;waːlidɛːn;zoːi;lur;kutʃnɛː;wroːr;χoːr;laːlaː;laːloː;baːboː;laːlej;baːbaː;adəkoː, anaː;baːbaː;adəkoː, anaː;lmasɛː;lmasej;lmasɛː;lmasej;kaːkaː;kaːkaː;kaːkaː;amːa, amakəj;amːa, amakəj;amːa, amakəj;maːmaː;maːmaː;maːmaː;χaːla;χaːla;χaːla;wraːrə;wreːra;χorejɛː;χorza;meːɽə;xəza;kaːkaːrtena;kaːkaːrtena;awxeː;maːmaːrtena;laːlaː;iŋgoːr;zum;wrindaːra;wrindaːra;awxeː;awxeː;χosər;χwaːxeː;χosər;χwaːxeː;leːwar;nəndroːr;awxeː;xina;nəndroːr;awxeː;xina;baːdʒa;bən;χeːx;χeːxa;χeːx;χeːxa;---;---;mɛːrə;pəlandar;batʃandar;batʃandəra;nikə;njaː;aʒdaːd;aʒdaːd;dəkaːkaː zweː;dəkaːkaː lur;truːrzəja;---;maːmaː;χaːla;truːrzəja;---;χpəlwaːn;χeːxaːn;χpəlwaːn;χosərgənej;---;malək;raʔis;mɛranej χoːr;mɛranɛː wroːr;naːsaka χoːr;naːsaka wroːr
Pashto (Ind);pbu (i);Iranian;74.83829;34.26852;plaːr;moːr;moːra plaːr;zuweː;lur;χpəl dʒaːtkeː;roːr;χoːr;maʃər roːr;kaʃər roːr;maʃəra χoːr;kaʃəra χoːr;nikə;nijaː;nikə;nijaː;naseː;nasej;naseː;nasej;trə;maʃər trə;kaʃər trə;troːr;maʃəra troːr;kaʃəra troːr;maːmaː;maʃər maːmaː;kaʃər maːmaː;maːʃuː;maʃəra maːʃuː;kaʃəra maːʃuː;ruwaːrə;ruweːra;χureː;χorza;χawaːn;χəza;tandaːr;kaʃəra tandaːr;troːr χawaːn;---;maːʃuː χawaːn;uŋgoːr;zuŋgɛː;ruwandaːr;ruwandaːr;aːχweː;aːχweː;sqər;χwaːχeː;sqər;χwaːχeː;livar;undroːr;aːwχeː;χina;juːr;də χawaːn aːwχeː;də χəzeː ruwandaːr;saːɳɖu;bən;---;---;---;---;meːra χoːr;meːrə roːr;meːra moːr;meːrə plaːr;meːrə zuweː;meːrə lur;wər nikə;wər nijaː;maʃəraːn;---;trə zuweː;trə lur;troːr zuweː;troːr lur;maːma zuweː;maːma lur;maːʃoː zuweː;maːʃoː lur;saka;---;---;sqaraːnə;də koːr maʃər;də kəliː maʃər;də qabileː maʃər;meːrə χoːr;meːrə roːr;meːrə χoːr;meːrə roːr
Pashto (Pak);pbu (p);Iranian;72.76694;34.33833;plaːr;moːr;moːro plaːr;zuje;lur;χpəl batʃeː;wroːr;χoːr;maʃər wroːr;wəɽuke wroːr;məʃra χoːr;wəɽuke χoːr;daːdaː;deːdeː;daːdaː;deːdeː;nuwaseː;nuwasej;nuwaseː;nuwasej;trə;trə;trə;troːr;troːr;troːr;maːmaː;maːmaː;maːmaː;maːsiː;maːsiː;maːsiː;wraːrə;wreːra;χurəje;χorzə;meːɽə;χəza;təndaːr;təndaːr;də troːr χaːwan;məmaːɳiː;də məmaːɳiː χaːwan;ngoːr;zum;baːbiː;baːbiː;oːχeː;oːχeː;sχər;χwaːχeː;sχər;χwaːχeː;leːwar;ndroːr;də χəze wroːr;χina;joːr;oːχeː;ndroːr;saːɳɖuː;bən;dəngoːr plaːr;dəngoːr moːr;də lur sχər;də lur χwaːχeː;də χule χoːr;də χule wroːr;meːra moːr;naːsaka plaːr;meːranej zuje;meːranəj lur;ʁur nikə;wura nija;ʈər nikə;ʈəra nija;tərbur;tərlur;truːrzuje;truːrlur;maːma zuje;də maːma lur;də maːsi zuje;də maːsi lur;səka;səka;də wini χpəl;sχəraːnə;məʃər;məʃər;malək;meːranej χoːr;meːranɛː wroːr;meːranej χoːr;meːranɛː wroːr
Pothwari;phr;Indo-Aryan;73.06263;33.57315;peoː;beː, maː;maː peoː;putər;tiː;nika, dʑaːkət;praː;pɛ̃ːɳ;papa, papu;nika praː;dɪdːeː;niki pɛ̃ːɳ;daːda;daːdi;naːna;naːni;poːtra;poːtri;doːtra;doːtri;tɕaːtɕa;taːja;nika tɕaːtɕa;buboː, puwaː;bəɽi puwaː;niki puwaː;maːwãː;bəɽa maːwãː;nika maːwãː;maːsiː;bəɽi maːsiː;niki maːsiː;patrijaː;patriː;pəɳijaː;pəɳeːji;χasəm, dʑəɽãː, kərjaːla;ʈəbriː, kərijaːli, ran;tajiː;niki amiː;niki amiː;maːwĩː;maːsɽaː;nũː;dʑamajiː;paːwiː;paːwiː;pəɳijaː;pəɳijaː;soːra;sas;soːra;sas;deːr;nənaːɽ;saːlaː;saːliː;---;dʑeːʈʰ;dʑəʈʰaːɳi;saːɳɖu;soːkaɳ;bijaːja;bijaːji;bijaːja;bijaːji;---;---;matreji;matrejaː peoː;matrejaː putər;matrejiː pɛ̃ːɳ;pəɽ daːda;pəɽ naːni;bəʈka;bəʈki;daːde poːtra;daːde poːtri;pupʰeːr;pupʰeːr;mawleːr;mawleːr, mawleːri pɛ̃ːɳ;məseːr;məseːr;naːtedaːr;---;saka;soːra;maːlək;---;lambardaːr, sarpãɲɕ;matrejiː pɛ̃ːɳ;matrejaː praː;kʰaləɽ pɛ̃ːɳ;kʰaləɽ praː
Prasun;prn;Nuristani;70.90193;35.33045;jej;nan;jeːnan;pijə;lyɕt;kyːr;wijə;siwus;gəndər wijə;baɲja wijə;gəndər siwus;baɲja siwus;waːw;ʐiːɕt;waːw;ʐiːɕt;nəwə;nəti;nəwə;nəti;baɲjej;gəndərjej;baɲjej;banan;banan;banan;meljej;gəndər meljej;baɲja meljej;banan;nan;banan;pijə;lyɕt;ʂupʂi;ʂupʂi;muʂ;wəstiː;gəndərnan;banan;baɲjej;meljɛɕtiː;baɲjej;pinɛɕtiː;zəmi;wejəwəstiː;wejəwəstiː;imi;imi;tɕidʑu;suːtənan;jej;nan;wijə;siwus;imi;wəsti siwus;wejəwəstiː;---;imewəstiː;lisijus muʂ;lijaːtək;tɕidʑu;suːtənan;jej;nan;siwus;wijə;nan;jej;wijə;siwus;puːwa;puːʐiɕt;truːwa;truːʐiɕt;baɲjej pijə;baɲjej lyɕt;banan pijə;banan lyɕt;meljej pijə;meljej lyɕt;banan pijə;banan lyɕt;zaːʈ;wəsti zaːʈ;isi zaːʈ;tɕidʑi maːʈ;jej;zaʈ;tatba waʂʈək;jeː aːtək siwus;jeː aːtək wijə;nan aːtək siwus;nan aːtək wijə
Purik;prx;Tibeto-Burman;76.01150;34.33588;ata;ama;ata ama;buːtsʰaː;bomo;raŋiː pʰruː;fonoː;striŋmoː;kaːkaː;nunu;atɕʰeː;numu;apo;api;apo;api;tsʰoː;tsʰamo;tsʰoː;tsʰamo;baːtseː;baːtɕʰoː;baːtseː;neːneː;neːneː tɕʰoː;neːneː tsʰuntseː;aʑaŋ;aʑaŋ tɕʰoː;aʑaŋ tsʰuntseː;amatseː;amatɕʰoː;amatseː;tsʰoː;tsʰamoː;tsʰoː;tsʰamo;maqpaː;namaː;amatɕʰoː;amatseː;apaŋ;neːneː;baːtɕʰoː;namaː;maqpaː;atɕʰeː;atɕʰeː;kaːkaː;kaːkaː;ata;ama;ata;ama;nunu;numu;nunu;numu;atɕʰeː;kaːkaː;atɕʰeː;nunu;amatseː;aneː amaːw;aneː ataːw;maqpeː amaːw;maqpeː ataːw;atɕʰeː;kaːkaː;amatseː;baːtseː;aneː butsaːw;aneː bomo;ateː apoː;api amaːw;mirabs;mirabs;kaːkaː nunu;atɕʰeː numu;kaːkaː;atɕʰeː;kaːkaː;atɕʰeː;kaːkaː;atɕʰeː;hr̥ɲen ɖuŋ;hr̥ɲen ɖuŋ;faspun;nameː kʰaŋma, nameː hr̥ɲen;apo tɕʰoː;---;---;ama mitɕikʰaniː atɕʰeː;ama mitɕikʰaniː kaːkaː;ata mitɕikʰaniː atɕʰeː;ata mitɕikʰaniː kaːkaː
Rushani;sgh (r);Iranian;71.42285;37.89160;pɛː;mɔː;naːn;pots;rəzen;χaw retʃ;verɔː;jaχ;ʁola verɔː;butsik verɔː, verɔː buts;ʁola jaχ;bitsik jaχ, jaχ bits;buːb;naːn;buːb;naːn;nabuːs;nabiːs;nabuːs;nabiːs;dɔː;ʁola dɔː, χajde dɔː;butsik dɔː, ʃovde dɔː;vets;ʁola vets;bitsik vets, betsde vets;χɔːlek;ʁola χɔːlek;butsde χɔːlek;vets, moːdjaχ;χajde vets;betsik vets;χiːr, χiːrbuts;χiːr, χiːrbits;χiːr, jaχputs;χiːr, jaχ rəzen;tʃuːr;ɣan;doːɣan, vets;vets, butsik doːɣan;vets tʃuːr, dɔː;χɔːlek ɣan, vets;vets tʃuːr, dɔː;zenaw;dɔːmoːd;χajan;χajan;χaserts;χaserts;χasur;χɔːʂ;χasur;χɔːʂ;χaserts;χajan;χaserts;χajan;midʒaːd;χajan bits;χaserts ɣan;boːdʒa;abeːn;qudaː;qudaː;qudaː;qudaː;jaχiːts;vrɔːdiːts;moːdiːts;peːdiːts;putsiːtʃ;rəzeniːts;χajdebuːb;katanaːn;buːbiːrts;buːbiːn;peteʃ, dɔːpots;peteʃ, dɔːrəzen;peteʃ, vetspots;peteʃ, vetsrəzen;peteʃ, χɔːlek puts;χɔːlek rəzen, peteʃ;vets pots;vets rəzen;qawmiːn;χasor χeːl, χasor jɔːn;rakiːkat;χasor jɔːn;kataneke tʃɔːd;ʁolaː, kataneke qawm;ʁola kundaː, kataneke qabilaː;jaχiːdz;vrɔːdiːdz;jaχiːdz;vrɔːdiːdz
Sanglechi;sgy;Iranian;71.20996;36,29833;taːt;naːn;taːtənaːn;zɑːt;wədəʁ;rizajaːk;vruːd;ɔχaːj;gəç vruːd;tʃəɖ vruːd;gəʂʈ əχaːj;tʃəʈ ɔχaːj;taːtaːt;naːnaːn;taːtaːt;naːnaːn;nəvəs;nəvəs, wədəʁ;wədəʁzɑːt;wədəʁ;bətʃiː;taːt gəç vruːd;taːt tʃəɖ vruːd;amaj;taːt gəʂʈ ɔχaːj;taːt tʃəʈ ɔχaːj;χoːlək;gəʂ χoːlək;tʃəʈ χoːlək;χoːlaːj;gəʂ χoːlaj;tʃəʈ χoːlaj;vruːd zəman;vruːd zəman;ɔχaːj zəman;ɔχaːj wədəʁd;maːɽ;koːtʃ;gəʂ kaːkaːk;tʃəʈ kaːkaːk;amaj maːɽ;χoːləkoːtʃ;χoːlaj maːɽ;wəznəl;zəmuːd;vruːd koːtʃ;juːd;zəmuːd;juːd;χəsəːr;χoːç;χəsəːr;χoːç;teːw;wəneːn;χəsər braːj;qajsangəl;juːd;teːw;χəsər braj koːtʃ;bətʃiː;anbaːʁ;qɔdaːj;qɔdaːj;qɔdaːj;qɔdaːj;ɔχaːj;vruːd;majəndar;taːt;batʃandar;daχtarəndar;aʝdaːd;biːbiː;aʝdaːd;aʝdaːd;amakzɑːt;amak wədəʁ;amajzɑːt;amaj wədəʁ;χɔːləkzɑːt;χoːlək wədəʁ;χolajzɑːt;χolaj wədəʁd;χeʂə qawm;χeʂə qawm;χeʂ qawm, qariːw;χəsəruːn;gəʂʈ χaːn;gəʂʈe qawm;gəʂte mardɔm;ɔχaːj;vruːd;ɔχaːj;vruːd
Sauji;sdg;Indo-Aryan;71.45683;35.17324;baːbu;jeːj;jeːj baːbu;puɬə;diː;maːɕum;brɑː;beːɳ;gaːnu brɑː;lawu brɑː;gɛːni beːɳ;læwi beːɳ;ganabaːbu;gæni jeːj;gaːnu baːbu;gɛni jeːj;nawɑːsu;nawɑːsi;nawɑːsu;nawɑːsi;bɔwɽiː;gaːnu bɔwɽiː;lawu bɔwɽiː;pɑːpʰi;gɛːni pʰɑːpi;læwi pʰɑːpi;mamaː;gaːnu mamaː;lawu mamaː;mɑːɕi;gɛːni mɑːɕi;læwi mɑːɕi;brɑːupuɬ;brɑːudiː;beːɳipuɬ;beːɳidiː;miɕə;ɬeːɽiː;bɔwɽije ɬeːɽiː;ɬeːɽiː bɔwɽiː;pʰɑːpi miɕə;maːmi ɬeɽiː;mɑːɕi miɕə;boji;dʑamɑːɬo;brɑːdʑɛj;diri ɬeɽiː;awχej;---;ɕuːrə;præʂ;ɕuːrə;præʂ;dirə;dʑɑːmiliː;awχej;sarɑːɳi;diri ɬeɽiː;dʑamɑːɬeː;awχɛjə ɬeɽiː;sarɑːɳije miɕ;deːrɑːn;puɬi ɕuːrə;puɬi praʂ;diːje ɕuːrə;diːje praʂ;palandariː beːɳ;barkaʈej brɑː;faraːki jeːj;---;barkaʈɛj;barkaʈɛj;ɖaːwu ganabaːbu;gænijaː;baːbu gaɳiː;jɛːj gaɳiː;bɔwɽije puɬ;bɔwɽije diː;pʰɑːpi puɬ;pʰɑːpi diː;maːmi puɬ;maːmi diː;mɑːɕi puɬ;mɑːɕi diː;tɑːnuwɑːra;χeːχɑːɳa;nɛːɽe doːstɑːɳa;ɕuːrdɑːriː;goːɕɑ̃ː ganeːroː;qɑːmɑ̃ː ganeːroː;ʈəbar;baːbe diː;baːbe puɬ;jæje diː;jæje puɬ
Shina Gilgit;scl (p);Indo-Aryan;74.30831;35.92140;baːbo, maːlo, baːp;aːʑi, maː;mamaːle;puʈʂ;diː;baːl;ʐaː;sa;kakaː;nimeːlo;baɽi kaːki;tɕuni sa;daːdo;dadiː;daːdo;dadiː;poːʈʂo;poːʈʂi;poːʈʂo;poːʈʂi;pitɕaː;baɽobaːp;tɕunbaːp;pʰapiː;baɽi pʰapiː;tɕuni pʰapiː;maːm;maːmiː;tɕuno maːmo;---;baɽi aːʑe;tɕuni aːʑe;puʈʂ;diː;sawoː;sawoj;ʑaro, muɕaː;ʑari, tɕej;baɽi aːʑe;tɕuni aːʑe;---;maːmiː;χaːluː;nuːʂ;dʑamaʈʂoː;ʑaʐeː;ʑaʐeː;ɕariː;ɕariː;ɕewur;ɕaʂ;ɕewur;ɕaʂ;---;---;saːla;saroːni;poːli tɕej;kaːko;baːbi;saːɳɖu;poːli tɕej;bilej;bilej;bilej;bilej;uniːli sa;uniːlo ʐaː;uniːli maː;uniːlo maːlo;maːek puʈʂ;maːek diː;pardaːdo;pardadiː;daːdemaːle;---;---;---;fapiː puʈʂ;fapiː diː;maːmej puʈʂ;maːmej diː;tɕuniadʑej puʈʂ;tɕuniadʑej diː;kaːm;---;hiʑe kaːm;ɕewureː;mapʰeːr;astakaːl;astakaːl;---;maːloweg ʐaː;maːek sa;---
Shina Gurez;scl (i);Indo-Aryan;74.77488;34.63830;maːlu̥;maː;maː maːlu̥;baːl;mulaj;toːmu tɕuːɳu̥;ɖʐaː;sas;baɽu ɖʐaː;tɕuɳu ɖʐaː;baɽi sas;tɕuɳi sas;daːdu̥;dadi;daːdu̥;dadi;poːʈʂu̥;poːʈʂi̥;poːʈʂu̥;poːʈʂi̥;babaː, piʈʂiː;baɽu piʈʂiː;tɕuɳu piʈʂiː;pʰiːpʰi̥;baɽi fiːfi̥;tɕuɳi fiːfi̥;muːmu̥;baɽu muːmu̥;tɕuɳu muːmu̥;maːsi̥;baɽi maːsi̥;tɕuɳi maːsi̥;ɖʐawoː baːl;ɖʐawiː mulaj;sazuː;sazuj;maːlik;batsi;tɕuɳi maː;tɕuɳi maː;pofaː;mamiː;masaː;nuːʂ;ʑamaʈʂoː;baːbiː;baːbiː;dʑiːdʑaː;dʑiːdʑaː;ɕaːjru̥;ɕaʂ;ɕaːjru̥;ɕaʂ;ʑaʈʰoː;ʑaʈʰiː;saːroːɳu̥;saːroːɳi̥;baːbiː;dʑaʈʰoː maːlik;saːroːɳe batsi;saːroːɳiju maːlik;dʑaʈʰiː;baloː ɕaːjru̥;baliː ɕaʂ;mulajoː ɕaːjru̥;mulajiː ɕaʂ;maŋgeːti sas;maŋgeːtu ʐaː;awaːra maː;awaːra maːlu̥;awaːra baːl;awaːra mulaj;paɽdaːdu̥;paɽdadi;paɽdaːdu daːdu̥;---;pitɕaː ʐaː;pitɕaj sas;pʰipʰijaː ʐaː;pʰipʰijaj sas;muljaː ʐaː;mulaji sas;maːɕoː baːl;maːɕiː mulaj;riɕtadaːr;---;kʰuːniː riɕta;ɕajriː riɕta;maːlik;---;---;awaːra sas;awaːra ɖʐaː;awaːra sas;awaːra ɖʐaː
Shughni;sgh (a);Iranian;71.44097;37.44340;taːt;naːn;tʃiːd dʒamaːt;poːts;reziːn;dzolik batʃaː;vrɔːd;jaχ;ʁola vroːd;dzolik vroːd;ʁolaː jaχ;dzalik jaχ;boːb;muːm, katanaːn;boːb;muːm;neboːs;nebɛːs;neboːs;nebɛːs;amaːk;amaːk;amaːk;amɑː;amaː;amaː;χɔːlak;χɔːlak;χɔːlak;χɔːlaː;χɔːlaː;χɔːlaː;vroːd poːts;vroːd reziːn;jaχ poːts;jaχ reziːn;tʃoːr;ʝin;amak ʝin;dzolik amak ʝin;ʃuːmaː;χoːlak ʝin;ʃuːχoːlaː;zenaɣ;dyːmoːd;χejyːn;χejyːn;χesiːrdz;χesiːrdz;χesɔːr;χiːç;χesɔːr;χiːç;χesiːrdz;χesiːrdz;χesiːrdz;χejyːn;χesiːrdz;boːdʒaː;χejyːn;boːdʒaː;abiːn;qodaː;qodaː;qodaː;qodaː;jaχiːts;vroːdiːdʒ;naːniːts;taːtiːts;potsiːdʒ;reziniːdʒ;boːb;boːb;aʒdoːd;aʒdoːd;amaːk poːts;amaːk reziːn;amaː poːts;amaː reziːn;χoːlak poːts;χoːlak reziːn;χoːlaː poːts;χoːlaː reziːn;qawmiːn;qawm;χuːn pewaːn;χesoreːn;tʃiːd katanak;katanak qawm;ʁolaiːn qawm;jaχiːts;vroːdiːdʒ;jaχiːts;vroːdiːdʒ, naːn poːts
Torwali;trw;Indo-Aryan;72.55077;35.20655;baːp;jeːj;jeːjo baːp;poː;dʰuː;puʐ;bʰaː;ɕuː;daːdaː;luɽbʰaː;deːdeː;lew ɕuː;daːd;dɛːd;maːm;mɛːm;nuːsaiː;nuːsiː;nuːsaiː;nuːsiː;piʐiː;gʰan baːwa;low baːwa;paːpoː;gʰen paːpoː;lew paːpoː;maːmaː;maːmɛːn;luɽ maːmaː;mɛːɕ;gʰen maːɕoː;lew maːɕoː;bʰawuːʂ;bʰaːduː;χoːraiː;χoːriː;kʰamaːn;ʂiː;gʰen jeːj;lyɽ jeːj;pʰaːp;meːmɛːn;maːɕ;boːj;dʑamaːʂ;bʰeːjeːj;bʰeːjeːj;dʑamaːʂ;saran;ɕiːjo;paɕ;ɕiːjo;paɕ;deː;dʑɛːmeːl;ɕɛjoː;serɛn;jeːl;---;---;saːɳɖuː;ʂaːg;---;---;---;---;---;---;piʐɛːn;palandər;parkaʈaj;parkaʈiː;pajdaːd;pajdɛːd;baːb daːd;mamaːl;---;---;pʰɛːwo;pʰɛːweː;mɛːmoː;---;mɛːɕoː;mɛːɕeː;tunu;---;nasabiː;ɕiːjo χeːl;waːkdaːr;---;---;---;parkaʈaj;parkaʈiː;parkaʈaj
Ushojo;ush;Indo-Aryan;72.60512;35.12879;daːdaː, maːlu, daːdʑiː;abaj, maːli;maːloga maːli;pʰoː, puʈʂ, batɕũː;pʰuwiː, diː;tamu batɕaj, tamu awlaːd;ʐaː;sas;baɖu ʐaː, badaːdaː;ɕəɳuːʈu ʐaː;baɖi sas, diːdiː, badiːdiː;ɕəɳuːʈi sas;daːduː;dejaːdiː;mam;mejaːmiː;nuːsaj;nuːseji;nuːsaj;nuːseji;tɕaːtɕaː, piʈʂiː;baɖu tɕaːtɕa, baɖu piʈʂiː;ɕəɳuːʈu tɕaːtɕa, ɕəɳuːʈu piʈʂiː;paːpuː;baɖi paːpuː;ɕəɳuːʈi paːpuː;maːmaː, moːl;miminiː;ɕəɳuːʈu maːmaː, ɕəɳuːʈu moːl;maːɕu;baɖi maːɕu;ɕəɳuːʈi maːɕu;ʐʰawlu;ʐʰawli;χɔːraj;χorzu;kʰaman;ʈʂəj;baɖi tɕaːtɕiː, baɖi piʈʂijaniː;ɕəɳuːʈi tɕaːtɕiː, ɕəɳuːʈi piʈʂijaniː;pʰaːp;miminiː;maːmaː;nuːʂ;dʑamaːʈʂoː;badʑʰej;badʑʰej;dʑamaːʈʂoː, saraːn;saraːn;ɕawar;paɕ;ɕawar;paɕ;diːru;dʑamiliː;ɕijaːɕoː;χina;jiːliː;saraːn;badʑʰej;saːɳɖu;ʈʂaːg;---;---;---;---;majraːnaj, raʂaːli sas;majraːnaj;majra maːli;majra maːlu;parkaʈaː;parkaʈeji;pʰardaːdu;pʰardejaːdiː;maːlu daːdu;---;piʈʂeː pʰoː;piʈʂeː pʰuwiː;paːpuj pʰoː;paːpuj pʰuwiː;maːmaj pʰoː;maːmaj pʰuwiː;mɛːɕoː;mɛːɕogaj;nasabiː;---;nasabiː;ɕawar χeːli;neːk;---;---;majra sas;majra ʐaː;majra sas;majra ʐaː
Uzbek (Afgh);uzs;Turkic;70.38780;37.07386;ɑːtæ;ɑːnæ;ɑːta ɑːnæ;woʁœl;qiz;majda batɕa;jini;siŋgil;kata jini;kitɕig jini;kata siŋgil;majda siŋgil;ɑːta buːwa, bɑːbɑː;ɑːta mɑːmɑː;ɑːta buːwa;ɑːna mɑːmɑː;woʁəl neːwara;qiz neːwara;batɕa neːwara;qiz neːwara;ɑːwa;katːa ɑːwa;majdɑːwa;amːa;katːa amːa;majdaːma;taʁa;kata taʁa;majda taʁa, kindʑa taʁa;χɑːlæ;katːa χɑːlæ;majda χɑːla;jininuːʁli;jinini qizi;siŋgiluːʁli;siŋgilə qizi;jer;χɑːtun;katːa jiŋgæ;majda jiŋgæ;amːaniː jere;taʁani χɑːtuni;χɑːlaniː jeri;keːlin;kijɑːw;jaŋgæ;jaŋgæ;izna;bɑːdʑa;qajn ɑːtæ;qajn ɑːnæ;qajn ɑːtæ;qajn ɑːnæ;qajn ɑːʁa;qajnə siŋgil;qajn ɑːʁa;qajnə siŋgil;qajn ɑːʁa χɑːtuni;qajn ɑːʁa, ɑwsun;qajn ɑːʁani χɑːtuni;bɑːdʑa;kundɑːɕ;quda;quda;quda;quda;wəgaj siŋgil;wəgaj jini;wəgaj ɑːna;wəgaj ɑːta;wəgaj woʁəl;wəgaj qiz;katːa buːwa;katːa mɑːmɑː;ɑːta aʑdɑːd;ɑːna aʑdɑːd;ɑːwani woʁli;ɑːwani qizi;amːani woʁli;amːani qizi;taʁani woʁli;taʁani qizi;χɑːlani woʁli, buːla;χɑːlani qizi, buːla;χeɕ;χeɕ;jaqiːn χeɕ;χeːɕe χɑːtun;wœjni katːasi;qawmni katːasi;qabilani katːasi;wəgaj siŋgil;wəgaj jini;wəgaj siŋgil;wəgaj jini
Wakhi (Afgh);wbl (a);Iranian;72.59606;36.98526;tat;naːn;tat naːn;pətər;ðəɣd;wəxtək;vərɨt;xɨj;luːp vərɨt;dzaqlaj vərɨt;luːp xɨj;dzaqlaj xɨj;puːp;muːm;puːp;muːm;nəpɨs;nəpɨs;nəpɨs;ðəɣd zəmaːn;bətɕ;luːp bətɕ;tat dzaqlaj vərɨt;vɑːtɕ;luːp vɑtɕ;tat dzaqlaj xɨj;naːn vərɨt;naːn luːp vərɨt;naːn dzaqlaj vərɨt;naːn xɨj;naːn luːp xɨj;naːn dzaqlaj xɨj;vərɨt pətər;vərɨt ðəɣd;xɨj pətər;xɨj ðəɣd;ðaj;kəːnd;luːp bəːtɕ kəːnd;dzaqlaj bəːtɕ kəːnd;vɑːtɕ ðaj;naːn vərɨt kəːnd;naːn xɨj ðaj;sətəx;ðəɣd ðaj;bakʂʈ;kəːnd vərɨt kəːnd;χəsiːrz;bɑːdʑa;xuːrs;xaʂ;xuːrs;xaʂ;bakʂʈ;ðaj xɨj;χəsiːrz;qajsaŋgɨl;bakʂʈ;nuːn;kəːnd vərɨt kəːnd;bɑːdʑa;ambɑːʁ;qəda;qəda;qəda;bɑːʁi xɨj;bɑːʁi vərɨt;vrɨtəːdʑ;bɑːʁi naːn;bɑːʁi tat;bɑːʁi pətər;bɑːʁi ðəɣd;luːp puːp;luːp muːm;pɨxt;kəːnd pɨxt;bəːtɕ pətər;bəːtɕ ðəɣd;vɑːtɕ zəmaːn;vɑːtɕ ðəɣd;naːn vərɨt pətər;nan vərɨt ðəɣd;vɑːtɕ pətər;vɑːtɕ ðəɣd;χiːʂʈəbɑːr;xurs χiːl;gruː;kəːnd aqɑriːb;luːp aʑʁɑːl;luːp qɑːm;luːp mardəːm;tat qətiː naːn dʑedaː;tat qətiː naːn dʑedaː;naːn qətiː tat dʑidaː;tat qəti naːn dʑidaː
Wakhi (Pak);wbl (p);Iranian;74.48950;36.83676;tat;nan;tat nan;petər;ðeɣd;zəmaːn;vərɨt;xɨj;lup vərɨt;dzaq vərɨt;lup xɨj;dzaq xɨj;pup;mum;pup;mum;nəpɨs;nəpɨs;nəpɨs;nəpɨs;betɕ;lup betɕ;dzaq betɕ;votɕ;lup votɕ;dzaq votɕ;betɕ;lup betɕ;dzaq betɕ;votɕ;lup votɕ;dzaq votɕ;χerjan;χerjan;χerjan;χerjan;ɕoːhar;dʑɨmat;votɕ;dzaq nan;betɕ;votɕ;betɕ;stex;domoːd;xɨj;xɨj;χəserz;χəserz;xurs;xaʂ;xurs;xaʂ;lol;nuːn;lol;xɨj;xɨj;lol;xɨj;lol;---;qəda;qədwundʑ;qəda;qədwundʑ;xɨjedʑ;vərɨtedʑ;nanedʑ;tatedʑ;petredʑ;ðəɣdedʑ;pup;mum;adʑdɔːd;---;lol;xɨj;lol;xɨj;lol;xɨj;lol;xɨj;χiʂqɔːm;χiʂ;dʑigarqɔːm;xursin tɕin;sɔːhib;serdɔːr;serdɔːr;xɨjedʑ;vərɨtedʑ;xɨjedʑ;vərɨtedʑ
Yidgha;ydg;Iranian;71.51571;35.98740;tat;niːno;nan taːtə;puːr;luʁdo;zəmoːn;vraːj;iχo;istir vraːj;riːz vraːj;istir iχo;riːz iχo;pap;maːmo;pap;maːmo;nuwis;nuweso;nuwis;nuweso;baːj;χuhtɕi baːj;kemdər baːj;koːkoː;χuhtɕi koːkoː;kemdər koːkoː;baːj;koːkoː;kemdər baːj;koːkoː;χuhtɕi koːkoː;kemdər koːkoː;nuwis;nuweso;nuwis;nuweso;ʂəfə;ulːo;χuhtɕi niːno;kemdər niːno;baːj;koːkoː;koːkoː;zinijo;zamaːj;zinijo;zinijo;rown;rown;χusur;χuʂo;χusur;χuʂo;rown;χujeʁno;rown;χujaʁno;zinijo;vraːj;zinijo;---;amboχtɕaːn;biɖijaːni;bəɖijaːnə;bəɖijaːnə;bəɖijaːnə;luʁdo ʁurdə;vraːj ʁurdə;nin bele;tat bele;puːr bele;luʁd bele;istir pap;istir maːmo;abaw aʑdaːd;abaw aʑdaːd;baːj puːr;baːj luʁdo;kɔːki puːr;kɔːki luʁdo;baːj puːr;baːj luʁdo;kɔːki puːr;kɔːki luʁdo;riɕtadaːr;---;iːne riɕto;χusreːni;χuhtɕe;---;---;iχ bele;vraːj bele;iχ bele;vraːj bele
