Language,ISO,Family,lng,lat,1,2,3,4,5,6,7,8,9,10,11,12,13,14,15,16,17,18,19,20,21,22,23,24,25,26,27,28,29,30,31,32,33,34,35,36,37,38,39,40,41,42,43,44,45,46,47,48,49,50,60,70,80,90,100,110,120,200,1000
Ashkun,ask,Nuristani,70.50105,35.03056,atɕ,duː,trə,tsətaː,pũts,ʂu,soːt,oːʂʈ,nu,dus,tɕenis,baːjs,trejs,tsudis,patsejs,ʂuɽis,sətaːjs,aʂʈaːjs,wusõ,wiɕi,wiɕaː atɕ,wiɕaː duː,wiɕaː trə,wiɕaː tsətaː,wiɕaː pũts,wiɕaː ʂu,wiɕaː soːt,wiɕaː oːʂʈ,wiɕaː nu,wiɕaː dus,wiɕaː tɕenis,wiɕaː baːjs,wiɕaː trejs,wiɕaː tsudis,wiɕaː patsejs,wiɕaː ʂuɽis,wiɕaː sətaːjs,wiɕaː aʂʈejs,wiɕaː wusõ,dyːɕi,dyːɕaː atɕ,dyːɕaː duː,dyːɕaː trə,dyːɕaː tsətaː,dyːɕaː põts,dyːɕaː ʂu,dyːɕaː soːt,dyːɕaː oːʂʈ,dyːɕaː nu,dyːɕaː dus,treɕi,treɕaː dus,tsətaːɕi,tsətaːɕaː dus,puntɕi,puntɕaː dus,puntɕaː wiɕi,dysawa,azrə
Balti,bft,Tibeto-Burman,76.18363,35.23616,tɕik,ŋis,χsum,bʑiː,ʁaː,truk,bdun,bgijad,rguː,ftɕuː,tɕustɕik,tɕõɪs,tɕuksum,tɕubʑiː,tɕuʁaː,tɕuruk,tɕubdun,tɕubgijad,tɕurgu,ŋiɕuː,hr̥tsaq tɕik,hr̥tsaq ŋis,hr̥tsaq χsum,hr̥tsa bʑiː,hr̥tsa ʁaː,hr̥tsa truk,hr̥tsa bdun,hr̥tsa bgijad,hr̥tsa rguː,χsumtɕuː,ŋiɕuna tɕustɕik,ŋiɕuna tɕõɪs,ŋiɕuna tɕuksum,ŋiɕuna tɕubʑiː,ŋiɕuna tɕuʁaː,ŋiɕuna tɕuruk,ŋiɕuna tɕubdun,ŋiɕuna tɕubgijad,ŋiɕuna tɕurguː,ŋiɕuŋis,ŋiɕuŋisna tɕik,ŋiɕuŋisna ŋis,ŋiɕuŋisna χsum,ŋiɕuŋisna bʑiː,ŋiɕuŋisna ʁaː,ŋiɕuŋisna truk,ŋiɕuŋisna bdun,ŋiɕuŋisna bgijad,ŋiɕuŋisna rguː,ʁaːftɕuː,ŋiɕuχsum,ŋiɕuχsumna ftɕuː,ŋiɕubʑiː,ŋiɕubʑina ftɕuː,bgijaː,bgijana ftɕuː,bgijana ŋiɕuː,ŋibgijaː,stõːtɕik
Bateri,btv,Indo-Aryan,72.92674,34.95820,jak,duː,ʈʂaː,tsoːr,pãːz,ʂu,saːt,aːʈʰ,nuː,daɕ,jæːɕ,duwæːɕ,tɕiːɕ,tsodaɕ,pandʑiːɕ,ʂuweːɕ,sataeːɕ,aʈʰaeːɕ,ũːbiɕ,biːɕ,jaku biːɕ,duju biːɕ,ʈʂaju biːɕ,tsoːru biːɕ,paːnzu biːɕ,ʂuju biːɕ,saːtu biːɕ,aːʈu biːɕ,nuju biːɕ,daɕu biːɕ,jæːɕu biːɕ,duwæːɕu biːɕ,tɕiːɕu biːɕ,tsodaɕu biːɕ,pandʑiːɕu biːɕ,ʂuweːɕu biːɕ,sataeːɕu biːɕ,aʈʰaeːɕu biːɕ,jakːam dubiɕ,dubiɕ,jaku dubiɕ,duju dubiɕ,ʈʂaju dubiɕ,tsoːru dubiɕ,paːnzu dubiɕ,ʂuju dubiɕ,saːtu dubiɕ,aːʈu dubiɕ,nuju dubiɕ,daɕu dubiɕ,ʈʂabiɕ,daɕu ʈʂabiɕ,tsoːrbiɕ,daɕu tsoːrbiɕ,ɕal,daɕ reːɕal,ʂubiɕ,duːɕal,zer
Brokskat,bkk,Indo-Aryan,76.43277,34.63458,ek,dy,træ,tɕoːr,pũːɕ,ʂa,sat,aːʂ,ny,daːɕ,qudeɕ,budeɕ,trøbeɕ,tɕydeɕ,pændeɕ,ʂøbeɕ,satũɕ,aʂtũɕ,kundʑæ,biʑæ,biʑi ek,biʑi dy,biʑi træ,biʑi tɕoːr,biʑi pũːɕ,biʑi ʂa,biʑi sat,biʑi aːʂ,biʑi ny,biʑi daːɕ,biʑi qudeɕ,biʑi budeɕ,biʑi trøbeɕ,biʑi tɕydeɕ,biʑi pændeɕ,biʑi ʂøbeɕ,biʑi satũɕ,biʑi aʂtũɕ,biʑi kundʑæ,dubuʑu,dubuʑu ek,dubuʑu dy,dubuʑu træ,dubuʑu tɕoːr,dubuʑu pũɕ,dubuʑu ʂa,dubuʑu sat,dubuʑu aːʂ,dubuʑu ny,pʰinãː ʈʂabuʑu,ʈʂabuʑu,pʰinãː tɕarbyʑy,tɕarbyʑy,tɕarbyʑy daːɕ,ɕoː,ɕoː ʁadaɕ,ɕoʁo biʑæ,dyɕæ,stõ ek
"Burushaski, Hunza",bsk (h),isolate,74.59822,36.31293,han,alto,usko,walto,tsʰundo,miɕindo,tʰalo,altambo,huntɕo,toːrumo,turmahan,turmaːlto,turma usko,turma walto,turma tsʰundo,turma miɕindo,turma tʰalo,turma altambo,turma huntɕo,altʰer,altʰer han,altʰer alto,altʰer usko,altʰer walto,altʰer tsʰundo,altʰer miɕindo,altʰer tʰalo,altʰer altambo,altʰer huntɕo,altʰer toːrumo,altʰer turmahan,altʰer turmaːlto,altʰer turma usko,altʰer turma walto,altʰer turma tsʰundo,altʰer turma miɕindo,altʰer turma tʰalo,altʰer turma altambo,altʰer turma huntɕo,alto altʰer,alto altʰer han,alto altʰer alto,alto altʰer usko,alto altʰer walto,alto altʰer tsʰundo,alto altʰer miɕindo,alto altʰer tʰalo,alto altʰer altambo,alto altʰer huntɕo,alto altʰer toːrumo,iski altʰer,iski altʰer toːrumo,walti altʰer,walti altʰer toːrumo,tʰa,tʰake toːrumo,tʰake altʰer,alto tʰa,hazaːr
"Burushaski, Nagar",bsk (n),isolate,74.36720,36.23990,han,altats,usko,walto,tsʰundo,miɕindo,tʰalo,altambo,huntɕo,toːrumo,turmahan,turma altats,turma usko,turma walto,turma tsʰundo,turma miɕindo,turma tʰalo,turma altambo,turma huntɕo,altʰar,altʰar han,altʰar altats,altʰar usko,altʰar walto,altʰar tsʰundo,altʰar miɕindo,altʰar tʰalo,altʰar altambo,altʰar huntɕo,altʰar toːrumo,altʰar turmahan,altʰar turma alto,altʰar turma usko,altʰar turma walto,altʰar turma tsʰundo,altʰar turma miɕindo,altʰar turma tʰalo,altʰar turma altambo,altʰar turma huntɕo,altu altʰar,altu altʰar han,altu altʰar altats,altu altʰar usko,altu altʰar walto,altu altʰar tsʰundo,altu altʰar miɕindo,altu altʰar tʰalo,altu altʰar altambo,altu altʰar huntɕo,altu altʰar toːrumo,iski altʰar,iski altʰar toːrumo,walti altʰar,walti altʰar toːrumo,tʰa,tʰakə toːrumo,tʰake altʰar,altu tʰa,hazaːr
Dameli,dml,Indo-Aryan,71.68785,35.37663,ek,duː,trɑː,tɕoːr,pɑ̃ːtɕ,ʂo,sat,aʂ,no,daɕ,jɑːɕ,bɑːɕ,troːɕ,tɕandeːɕ,pantɕeːɕ,ʂoweːɕ,santɑːɕ,aʂʈɑːɕ,uneːɕ,biɕi,biɕio ek,biɕio duː,biɕioː trɑː,biɕio tɕoːr,biɕio pɑ̃ːtɕ,biɕio ʂo,biɕio sat,biɕio aʂ,biɕio no,biɕio daɕ,biɕio jɑːɕ,biɕio bɑːɕ,biɕio troːɕ,biɕio tɕandeːɕ,biɕio pantɕeːɕ,biɕio ʂoweːɕ,biɕio santɑːɕ,biɕio aʂʈɑːɕ,biɕio uneːɕ,dubiɕi,dubiɕio ek,dubiɕio duː,dubiɕio trɑː,dubiɕio tɕoːr,dubiɕio pɑ̃ːtɕ,dubiɕio ʂo,dubiɕio sat,dubiɕio aʂ,dubiɕio no,dubiɕio daɕ,trɑː biɕi,trɑː biɕio daɕ,tɕoːr biɕi,tɕoːr biɕio daɕ,pãːtɕ biɕiː,pãːtɕ biɕio daɕ,ʂo biɕi,duː sɑː,zir
Darwazi,prs (d),Iranian,70.68450,38.33353,jaːk,də,seː,tʃɑːr,paːndʒ,ʃaːʃ,haːft,haːʃt,nə,daː,jɑːzdaː,duwɑːzdaː,seːzdaː,tʃɑːrdaː,pɑːnəzdaː,ʃɑːnəzdaː,avdaː,aʒdaː,niːzdaː,biːst,biːstə jaːk,biːstə də,biːstə seː,biːstə tʃɑːr,biːstə paːndʒ,biːstə ʃaːʃ,biːstə haːft,biːstə haːʃt,biːstə nə,siː,siːwə jaːk,siːwə də,siːwə seː,siːwə tʃɑːr,siːwə paːndʒ,siːwə ʃaːʃ,siːwə haːft,siːwə haːʃt,siːwə nə,tʃəl,tʃələ jaːk,tʃələ də,tʃələ seː,tʃələ tʃɑːr,tʃələ paːndʒ,tʃələ ʃaːʃ,tʃələ haːft,tʃələ haːʃt,tʃələ nə,pindʒɑː,ʃaːst,aftɑːd,aʃtɑːd,nawad,sad,jaːk sadə daː,jaːk sadə biːst,də sad,azɑːr
Gawarbati (Afgh),gwt (a),Indo-Aryan,71.52251,35.22136,jak,du,ɬe,tsur,pants,ʂoː,sat,aʂʈ,nu,daʂ,dʑaːʂ,baːʂ,ʂawanʂ,tsudaʂ,pintɕaʂ,ʂoɽaːs,---,astaːs,aniɕ,iɕi,iɕo jak,iɕo duː,iɕo ɬeː,iɕo tsur,iɕo pants,iɕo ʂoː,iɕo sat,iɕo aʂʈ,iɕo nu,iɕo daʂ,iɕo dʑaːʂ,iɕo baːʂ,---,iɕo tsudaʂ,iɕo pintɕaʂ,iɕo ʂoɽaːs,iɕo sataːs,iɕo astaːs,iɕo iniɕ,dujɕi,dujɕo jak,dujɕo du,dujɕo ɬe,dujɕo tsur,dujɕo pants,dujɕo ʂoː,dujɕo sat,dujɕo aʂʈ,dujɕo nu,dujɕo daʂ,ɬejɕi,---,tsurɕi,tsurɕo daʂ,pantɕi,panɕo daʂ,ʂujɕi,du sawa,daʂ pantɕi
Gawarbati (Pak),gwt (p),Indo-Aryan,71.54742,35.31012,jak,du,ɬe,tsuːr,pants,ʂoː,sat,aʂʈ,nuː,daʂ,dʑaːʂ,baːʂ,ɬawanʂ,tsudaʂ,pentɕaʂ,ʂoɽaːs,sataːs,aʂʈaːs,iniɕ,iɕi,iɕo jak,iɕo du,iɕo ɬeː,iɕo tsur,iɕo pants,iɕo ʂoː,iɕo sat,iɕo aʂʈ,iɕo nuː,iɕo daʂ,iɕo dʑaːʂ,iɕo baːʂ,iɕo ɬawanʂ,iɕo tsudaʂ,"iɕo pintɕaʂ, pantskam duiɕi",iɕo ʂoɽaːs,iɕo sataːs,iɕo aʂʈaːs,jakːam duiɕi,duiɕi,duiɕo jak,duiɕo du,duiɕo ɬe,duiɕo tsuːr,"duiɕo pants, pantskam duiɕo daʂ",duiɕo ʂo,duiɕo sat,duiɕo aʂʈ,duiɕo nuː,duiɕo daʂ,ɬeiɕi,ɬeiɕo daʂ,tsurɕi,tsurɕo daʂ,panɕi,panɕo daʂ,ʂoiɕi,"daiɕi, du sawa","zar, hazaːr"
Gawri,gwc,Indo-Aryan,72.59606,35.48367,ak,duː,ɬɑː,tɕor,pɑ̃ɲ,ʂo,sɑt,aʈʂ,num,daɕ,ikæː,baː,ɬoː,tɕuːn,pãɲjaː,ʂoːr,sataː,aʈʂaː,anbiɕ,biɕ,aːkte biɕ,duːte biɕ,ɬɑːte biɕ,tɕorte biɕ,pɑ̃ɲɕte biɕ,ʂote biɕ,sɑːtːe biɕ,aːʂʈe biɕ,noːmte biɕ,daːɕte biɕ,ikjaːte biɕ,baːte biɕ,ɬoːte biɕ,tɕuːnte biɕ,pãɲjaːte biɕ,ʂoːrte biɕ,sataːte biɕ,aʈʂaːte biɕ,aːkɛm dubiɕ,dubiɕ,aːkte dubiɕ,duːte dubiɕ,ɬɑːte dubiɕ,tɕorte dubiɕ,pɑ̃ɲɕte dubiɕ,ʂote dubiɕ,saːtːe dubiɕ,aːʂʈe dubiɕ,noːmte dubiɕ,daːɕte dubiɕ,ɬɑbiɕ,daːɕte ɬɑbiɕ,tɕoːrbiɕ,daːɕte tɕoːrbiɕ,pɑ̃ɲbiɕ,daːɕte pɑ̃ɲbiɕ,ʂobiɕ,daːʑbiɕ,zir
Gojri (Afgh),gju (a),Indo-Aryan,71.47042,35.14361,eːk,duː,trɛː,tɕaːr,paːndʑ,tɕʰiː,saːt,aːʈʰ,nuː,da,jaːra,baːra,tiːra,tɕuːda,pandra,suːɽa,staːra,aʈʰaːra,uniː,biː,eːkta biː,duːta biː,trɛːta biː,tɕaːrta biː,paːndʑta biː,tɕʰeːta biː,saːtːa biː,aːʈʰə̥ta biː,nuːta biː,triː,eːkta triː,duːta triː,trɛːta triː,tɕaːrta triː,paːnʑda triː,tɕʰeːta triː,saːtːa triː,aːʈʰə̥ta triː,nuːta triː,tɕʊɽĩː,eːkta tɕʊɽĩː,duːta tɕʊɽĩː,trɛːta tɕʊɽĩː,tɕaːrta tɕʊɽĩː,paːnʑda tɕʊɽĩː,tɕʰeːta tɕʊɽĩː,saːtːa tɕʊɽĩː,aːʈʰə̥ta tɕʊɽĩː,nuːta tɕʊɽĩː,daːta tɕʊɽĩː,trɪɛːbiː,daːta trɛːbiː,tɕaːrbiː,daːta tɕaːrbiː,suː,eːk suːta da,eːk suːta biː,duː suː,zər
Gojri (Pak),gju (p),Indo-Aryan,73.99123,34.73142,eːk,doː,trɛː,tɕaːr,pandʑ,tɕʰeː,sat,aʈʰ,noː,das,jaːra,baːra,teːra,tɕoːda,pandra,soːla,staːra,ʈʰaːra,uniː,biː,ikiː,baːj,trəbiː,tɕəbiː,pəndʑiː,tɕʰəbiː,staːiː,ʈʰaːiː,nətiː,triː,ikətiː,bətiː,teːntiː,tɕoːntiː,peːntiː,tɕʰətiː,stətiː,ʈʰətiː,untaːliː,tɕaːliː,ektaːliː,bətaːliː,tətaːliː,tɕurtaːliː,penɕtaːliː,tɕʰetaːliː,səntaːliː,ar̥taːliː,unuwəndʑa,pəndʑaː,saʈʰ,sətər,asiː,nəweː,soː,eksoː das,eksoː biː,doː soː,həzaːr
Hindko,hno,Indo-Aryan,73.19852,34.23857,ek,doː,trɛː,tɕaːr,pãdʑ,tɕʰeː,sat,aʈʰ,noː,das,jaːrãː,baːrãː,teːrãː,tɕoːda,pandrãː,soːla,satrãː,ʈʰaːrãː,unːiː,biːs,ikiːs,baːjiːs,trejiː,tɕawiː,pandʑiː,tɕʰabːiː,staːjiː,ʈʰajiː,natːiː,triː,katiː,batiː,teːntiː,tɕoːntiː,peːntiː,tɕʰatːiː,seːntiː,ʈʰatːiː,əntaːliː,tɕaːliː,ɪktaːliː,bitaːliː,tɪrtaːliː,tɕʊrtaːliː,pãɕtaːliː,tɕʰətaːliː,səntaːliː,aɽ̥taːliː,əntɕaːs,pədʑaːs,saʈʰ,satər,asiː,naweː,soː,ekso daː,ekso biː,doː soː,ek həzaːr
Indus Kohistani,mvy,Indo-Aryan,73.18961,35.29917,ek,duː,ʈʂaː,tsawur,pãːz,ʂo,saːt,aːʈ,naũ,daɕ,agaːleɕ,duwaːleɕ,ʈʂigoːleɕ,tsandeɕ,panzaleɕ,ʂoːwiɕ,sataːleɕ,aʈʰaːleɕ,aːmbiːɕ,biːɕ,eːkwe biːɕ,dwiː biːɕ,ʈʂaːe biːɕ,tsawəre biːɕ,pãːzwe biːɕ,ʂoe biːɕ,saːtwe biːɕ,aːʈʰəwe biːɕ,nae biːɕ,daɕwe biːɕ,agaːləɕwe biːɕ,duwaːləɕwe biːɕ,ʈʂigoːləɕwe biːɕ,tsanɕwe biːɕ,pãːzkam dubiɕ,tsawər kam dubiɕ,ʈʂaːkam dubiɕ,duːkam dubiɕ,ekːam dubiɕ,dubiɕ,eːkwe dubiɕ,dweː dubiɕ,ʈʂaːe dubiɕ,tsawəre dubiɕ,pãːzwe dubiɕ,ʂoe dubiɕ,saːtwe dubiɕ,aːʈʰwe dubiɕ,nãe dubiɕ,daɕwe dubiɕ,ʈʂabiɕ,daɕwe ʈʂabiɕ,tsawər biɕ,daɕwe tsawər biɕ,ɕɔl,daɕwe ɕɔl,ʂobiɕ,duː ɕɔl,zir
Ishkashimi,isk,Iranian,71.55875,36.73882,wɑːk,doʊ,ruː,tsfuːr,puːnz,χuːl,ovd,ɑːt,naːʊ,daː,jɑːzdaː,duwɑːzdaː,seɪzdaː,tʃɑhɑːrdaː,pɑːnzdaː,ʃɑːnzdaː,havdaː,hadʒdaː,nəzdaː,biːst,biːstə jaːk,biːstə duː,biːstə seː,biːstə tʃɑːr,biːstə pandʒ,biːstə ʃaːʃ,biːstə haːft,biːstə aːʃt,biːstə nə,siː,siw jaːk,siw duː,siw seː,siw tʃɑːr,siw paːndʒ,siw ʃaːʃ,siw haːft,siw haʃt,siw nə,tʃəl,tʃələ jaːk,tʃələ duː,tʃələ seː,tʃələ tʃɑːr,tʃələ paːndʒ,tʃələ ʃaːʃ,tʃələ haːft,tʃələ haʃt,tʃələ nuː,pindʒɑː,ʃaːst,aftɑːd,aʃtɑːd,nawad,saːd,jak sadə daː,jak sadə biːst,du saːd,jak hazɑːr
Kalasha,kls,Indo-Aryan,71.70143,35.70835,ekʰ,duː,treː,tɕawu,poːndʑ,ʂo,sat,ãʂʈ,noː,daɕ,daʑːe eːga,daʑːe duːa,daʑːe treːa,daʑːe tɕawa,daʑːe poːndʑa,daʑːe ʂowa,daʑːe saːta,daʑːe ãːʂʈa,daʑːe nowa,biːɕiː,biːɕiʑe ek,biːɕiʑe duː,biːɕiʑe treː,biːɕiʑe tɕawu,biːɕiʑe poːndʑ,biːɕiʑe ʂoː,biːɕiʑe sat,biːɕiʑe ãʂʈ,biːɕiʑe noː,biːɕiʑe daɕ,biɕiʑe daʑːe eːga,biɕiʑe daʑːe duːa,biɕiʑe daʑːe treːa,biɕiʑe daʑːe tɕawa,biɕiʑe daʑːe poːndʑa,biɕiʑe daʑːe ʂowa,biɕiʑe daʑːe saːta,biɕiʑe daʑːe ãːʂʈa,biɕiʑe daʑːe nowa,dubiːɕi,dubiɕiʑe ek,dubiɕiʑe duː,dubiɕiʑe treː,dubiɕiʑe tɕawu,dubiɕiʑe poːndʑ,dubiɕiʑe ʂoː,dubiɕiʑe sat,dubiɕiʑe ãʂʈ,dubiɕiʑe noː,dubiɕiʑe daɕ,treː biɕi,trebiɕiʑe daɕ,tɕaw biɕi,tɕawbiɕiʑe daɕ,ek ɕor,ek ɕorʑe daɕ,ek ɕorʑe biɕi,duː ɕor,ek hazaːr
Kalkoti,xka,Indo-Aryan,72.17480,35.40617,akʰ,duː,trɑː,tɕo̰ːr,pɑ̃ːɲ,ʂo,saːh,eʂ,nom,deɕ,aka̰ːɕ,ba̰ːɕ,trḛːɕ,tɕandḛːɕ,pandʑḛːɕ,ʂurḛːɕ,sata̰ːɕ,eʂʈa̰ːɕ,ɑnbiːɕ,biːɕ,akteː biːɕ,duːteː biːɕ,traːteː biːɕ,tɕorteː biːɕ,pɑ̃ːɲteː biːɕ,ʂoteː biːɕ,saːteː biːɕ,eʂʈeː biːɕ,nomteː biːɕ ,deɕteː biːɕ,akaːɕteː biːɕ,baːɕteː biːɕ,treːɕteː biːɕ,tɕandeːɕteː biːɕ,pandʑeːɕteː biːɕ,tɕorkom dubiɕ,traːkom dubiɕ,duːkom dubiɕ,akːom dubiɕ,dubiɕ,akteː dubiɕ,duːteː dubiɕ,traːteː dubiɕ,tɕoːrteː dubiɕ,pɑːɲteː dubiɕ,ʂoteː dubiɕ,saːteː dubiɕ,eʂʈeː dubiɕ,nomteː dubiɕ,deɕteː dubiɕ,trɑbiɕ,deɕteː trɑbiɕ,tɕoːrbiɕ,deɕteː tɕoːrbiɕ,pɑːɲʑbiɕ,deɕteː pɑːɲʑbiɕ,ʂobiɕ,dusoː,zir
Kamviri,xvi,Nuristani,71.33679,35.40986,eː,dyː,treː,ɕtɑː,puːtɕ,ʂuː,soːt,wuːʂt,nu,duts,janits,dits,trits,ɕtrəts,pɑtɕits,ʂets,satits,ɑːʂʈits,neːts,witsi,witsa eː,witsa dyː,witsa treː,witsa ɕtɑː,witsa putɕ,witsa ʂuː,witsa sut,witsa wuːʂʈ,witsa nu,witsa dus,witsa janits,witsa dits,witsa trits,witsa ɕtrəts,witsa pɑtɕits,witsa ʂets,witsa satits,witsa ɑːʂʈits,witsa neːts,dyː witsi,dyː witsa eː,dyː witsa dyː,dyː witsa treː,dyː witsa ɕtɑː,dyː witsa putɕ,dyː witsa ʂuː,dyː witsa sut,dyː witsa wuːʂʈ,dyː witsa nu,dyː witsa duts,treː witsi,treː witsa duts,ɕtɑː witsi,ɕtɑː witsa duts,putsi,putsa duts,ʂuwitsi,dutsi,eː azər
Kashmiri (Ind),kas (i),Indo-Aryan,74.87453,33.96100,akʰ,zɨ,tre,tsoər,pãːts,ɕʲe,satʰ,əːʈʰ,naw,da,ka,ba,truwa,tsəda,panda,ɕura,sada,arda,kunwu,wu,akwu,zɨtoːwu,trowu,tsowu,pɨntsə,ɕatwu,satoːwu,aʈʰoːwu,kuntrɨ,trɨ,aktrɨ,dɔjtrɨ,teːtrɨ,tsɔjtrɨ,pãːstrɨ,ɕeːtrɨ,satrɨ,artrɨ,kuntəːdʑi,tsadʑi,aktəːdʑi,dɔjtəːdʑi,teːtəːdʑi,tsɔjtəːdʑi,pãːstəːdʑi,ɕeːtəːdʑi,satəːdʑi,artəːdʑi,kunwanza,pantsa,ɕeːʈʰ,satatʰ,ɕiːtʰ,namat,hatʰ,akʰada,akʰatwu,zɨhatʰ,saːs
Kashmiri (Pak),kas (p),Indo-Aryan,74.17695,34.79469,akʰ,zɨ,tre,tsɔːr,pãːtsʰ,ɕʲe,satʰ,əːʈ,naw,da,ka,ba,truwa,tsoda,panda,ɕoɽa,səda,aɽda,konwu,wu,akwu,zətawu,trɨwu,tsuwu,pɨntsə,ɕetwu,sətɨwu,aʈʰəwu,kontrɨ,trɨh,aktrɨh,dɔjtrɨ,tiːtrɨ,tsɔjtrɨ,pãːstrɨ,ɕejtrɨ,satrɨ,aɽtrɨ,kontɨdʑi,tsadʑːi,aktɨdʑi,dɔjtɨdʑi,titɨdʑi,tsɔjtɨdʑi,pãːstɨdʑi,ɕejtɨdʑi,satːɨdʑi,aɽtɨdʑi,konwanza,pãːtsa,ɕeːʈʰ,satatʰ,ɕiːtʰ,namatʰ,hatʰ,akʰatə da,akʰatːə wu,zɨhatʰ,saːs
Kati (Eastern),bsh (e),Nuristani,71.33226,35.64028,ew,dyː,terə,ɕtewɑː,putɕ,ʂu,sut,uʂʈ,nuː,duts,janits,dits,terits,ɕturits,pətɕits,ʂəts,stits,ʂʈits,nats,watsəː,watsɑːw,watsə dyː,watsə tərɛ,watsə ɕtewɑː,watsə putɕ,watsə ʂu,watsə sut,watsə uʂʈ,watsə nu,watsə duts,watsə janits,watsə dits,watsə tərits,watsə ɕturits,watsə pətɕits,watsə ʂəts,watsə stits,watsə ʂʈits,watsə nats,dyːtsə,dyːtsə ew,dyːtsə dyː,dyːtsə tərɛ,dyːtsə ɕtawɑː,dyːtsə putɕ,dyːtsə ʂu,dyːtsə sut,dyːtsə wuʂʈ,dyːtsə nu,dyːtsə duts,tərɛːtsə,tərɛːtsə duts,ɕtawɑːtsə,ɕtawɑːtsə duts,puʑiwatsə,puʑiwatsə duts,ʂuwatsə,duzəwatsə,puxta azər
Kati (Western),bsh (w),Nuristani,70.34477,35.22691,ew,djuː,trɛ:,ɕtwɑː,puːtɕ,ʂuː,suːt,oːʂʈ,nuː,duːts,janiːts,diːts,triːts,ɕtreːts,pətɕiːts,ʂɛːts,ʂʈiːts,stiːts,nɛːts,wətsəː,wətsɑː ew,wətsɑː djuː,wətsɑː trɛː,wətsɑː ɪɕtwɑː,wətsɑː puːtɕ,wətsɑː ʂuː,wətsɑː suːt,wətsɑː woːʂʈ,wətsɑː nuː,wətsɑː duːts,wətsɑː janiːts,wətsɑː diːts,wətsɑː triːts,wətsɑː ɪɕtrɛːts,wətsɑː pətɕiːts,wətsɑː ʂɛːts,wətsɑː ʂʈiːts,---,wətsɑː nɛːts,djuːtsəː,djuwətsɑː ew,djuwətsɑː djuː,djuwətsɑː trɛː,djuwətsɑː ɪɕtwɑː,djuwətsɑː puːtɕ,djuwətsɑː ʂuː,djuwətsɑː suːt,djuwətsɑː woːʂʈ,djuwətsɑː nuː,djuwətsɑː duːts,trɛwətsəː,trɛwətsɑː duːts,ɕtwɑːwətsəː,---,puʑwatsəː,puʑwətsɑː duːts,ʂuwətsəː,djuː sat,hazɑːr
Khowar,khw,Indo-Aryan,72.51906,36.27825,i,dʑu,trɔːj,tɕɔːr,pɔ̃ːtɕ,ʈʂʰɔj,sɔt,ɔ̃ɕt,niɔf,dʑɔɕ,dʑɔɕ i,dʑɔɕ dʑu,dʑɔɕ trɔːj,dʑoɕ tɕɔːr,dʑɔɕ pɔ̃ːtɕ,dʑɔɕ ʈʂʰɔj,dʑɔɕ sɔt,dʑɔɕ ɔ̃ɕt,dʑɔɕ niɔf,biɕiːr,biɕir i,biɕir dʑu,biɕir trɔːj,biɕir tɕɔːr,biɕir pɔ̃ːtɕ,biɕir ʈʂʰɔj,biɕir sɔt,biɕir ɔ̃ɕt,biɕir niɔf,biɕir dʑɔɕ,biɕir dʑɔɕ i,biɕir dʑɔɕ dʑu,biɕir dʑɔɕ trɔːj,biɕir dʑɔɕ tɕɔːr,biɕir dʑɔɕ pɔ̃ːtɕ,biɕir dʑɔɕ ʈʂʰɔj,biɕir dʑɔɕ sɔt,biɕir dʑɔɕ ɔ̃ɕt,biɕir dʑɔɕ niɔf,dʑubiɕiːr,dʑubiɕir i,dʑubiɕir dʑu,dʑubiɕir trɔːj,dʑubiɕir tɕɔːr,dʑubiɕir pɔ̃ːtɕ,dʑubiɕir ʈʂʰɔj,dʑubiɕir sɔt,dʑubiɕir ɔ̃ɕt,dʑubiɕir niɔf,dʑubiɕir dʑɔɕ,trɔjbiɕiːr,trɔjbiɕir dʑɔɕ,tɕɔːrbiɕiːr,tɕɔːrbiɕir dʑɔɕ,"pɔ̃ːtɕbiɕiːr, ɕɔːr","pɔ̃ːtɕbiɕir dʑɔɕ, i ɕɔːrɔtɕe dʑɔɕ","ʈʂʰɔjbiɕiːr, i ɕɔːrɔtɕe biɕiːr",dʑu ɕɔːr,i hazaːr
Kohistani Shina,plk,Indo-Aryan,73.18946,35.05837,ek,duː,ʈʂeː,tɕaːr,poɕ,ʂa,sat,ãʂ,nãw,daːe,akaːe,baːe,ʈʂoːi,tɕahundeː,panzəleː,ʂõːi,sataːẽ,ãʂʈaːẽ,ukniː,biː,biho ek,biho duː,biho ʈʂeː,biho tɕaːr,biho poɕ,biho ʂa,biho sat,biho ãʂ,biho nãw,biho daːe,biho akaːe,biho baːe,biho ʈʂoːi,biho tɕahundeː,biho panzəleː,biho ʂõːi,biho sataːẽ,biho ãʂʈaːẽ,biho ukniː,dibu,dibugu ek,dibug duː,dibug ʈʂeː,dibug tɕaːr,dibug poɕ,dibug ʂa,dibug sat,dibugu ãʂ,dibug nãw,dibug daːe,ʈʂobiju,ʈʂobijug daːe,tɕarbiju,tɕarbijug daːe,ɕal,ɕalgə daːe,ɕalgə biː,duː ɕal,zir
Kundal Shahi,shd,Indo-Aryan,73.82363,34.55627,jokʰ,duːi,traː,tɕoːr,pãːdʑ,ɕa,sat,ãːɕt,nõː,dej,jagaːi,baːi,troi,tɕodẽj,pandrẽj,ɕeːɽiɕ,sataːi,ãɕtaːi,jakoĩ,biː,---,---,---,---,---,---,---,---,---,tɕiːɕ,---,---,---,---,---,---,---,---,---,tɕopeːr,---,---,---,---,---,---,---,---,---,---,---,---,---,---,ɕad,jok ɕad dej,jok ɕad biː,duːi ɕad,jox hazaːr
Kyrgyz,kir,Turkic,73.97764,36.89837,bir,eki,ytɕ,tørt,beɕ,ɑltɯ,dʑeti,segiz,toʁuz,on,on bir,on eki,on ytɕ,on tørt,on beɕ,on ɑltɯ,on dʑeti,on segiz,on toʁuz,dʑigirmæ,dʑigirmæ bir,dʑigirmæ eki,dʑigirmæ ytɕ,dʑigirmæ tørt,dʑigirmæ beɕ,dʑigirmæ ɑltɯ,dʑigirmæ dʑeti,dʑigirmæ segiz,dʑigirmæ toʁuz,otos,otos bir,otos eki,otos ytɕ,otos tørt,otos beɕ,otos ɑltɯ,otos dʑeti,otos segiz,otos toʁuz,qɯrq,qɯrq bir,qɯrq eki,qɯrq ytɕ,qɯrq tørt,qɯrq beɕ,qɯrq ɑltɯ,qɯrq dʑeti,qɯrq segiz,qɯrq toʁuz,elːik,ɑltɯmɯɕ,dʑetimiɕ,segzen,toʁzon,dʑyz,---,bir dʑyz dʑigirmæ,eki dʑyz,miŋ
Ladakhi,lbj,Tibeto-Burman,77.25266,34.12240,tɕik,ɲis,suŋ,ʑi,ʂŋa,ʈuk,rdun,rgjat,rgu,r̥tɕu,tɕukɕik,tɕukŋis,tɕuksuŋ,tɕubʑi,tɕoŋːa,tɕuruk,tɕubdun,tɕobgjat,tɕurgu,ŋiɕu,ŋiɕus tsaqɕik,ŋiɕus tsaqŋis,ŋiɕus tsaqsuŋ,ŋiɕus tsabʑi,ŋiɕus tsaŋːa,ŋiɕus tsaruk,ŋiɕus tsabdun,ŋiɕus tsabgjat,ŋiɕus tsargu,sumtɕu,sumtɕu sokɕik,sumtɕu sokŋis,sumtɕu soksuŋ,sumtɕu sobʑi,sumtɕu soŋːa,sumtɕu soruk,sumtɕu sobdun,sumtɕu sorgjat,sumtɕu sorgu,ʑibtɕu,ʑibtɕu ʑaqɕik,ʑibtɕu ʑaqŋis,ʑibtɕu ʑaqsuŋ,ʑibtɕu ʑabʑi,ʑibtɕu ʑaŋːa,ʑibtɕu ʑaruk,ʑibtɕu ʑabdun,ʑibtɕu ʑargjat,ʑibtɕu ʑargu,ŋaptɕu,ʈuktɕu,duntɕu,gjatɕu,guptɕu,gja,gjanaŋs tɕu,gjanaŋ ŋiɕu,ɲib gja,stõŋtɕik
Munji,mnj,Iranian,70.90873,35.96907,joː,lə,çirɛj,tʃəfiːr,pɑːndʒ,ɑːχʃɛ,ɑːvdɛ,ɑːʃcɛ,nɛw,juwo juː sifɛr,juwo juː,juwo lə,juwo çirɛj,juwo tʃəfiːr,juwo pɑːndʒ,juwo ɑːχʃɛ,juwo ɑːvdɛ,juwo ɑːʃcɛ,juwo nɛw,ləwo sifɛr,ləwo joː,ləwo lə,ləwo çirɛj,ləwo tʃəfiːr,ləwo pɑːndʒ,ləwo ɑːχʃɛ,ləwo ɑːvdɛ,ləwo ɑːʃcɛ,ləwo nɛw,çirɛjo sifɛr,çirɛjo joː,çirɛjo lə,çirɛjo çirɛj,çirɛjo tʃəfiːr,çirɛjo pɑːndʒ,çirɛjo ɑːχʃɛ,çirɛjo ɑːvdɛ,çirɛjo ɑːʃcɛ,çirɛjo nɛw,tʃəfiːro sifɛr,tʃəfiːro joː,tʃəfiːro lə,tʃəfiːro çirɛj,tʃəfiːro tʃəfiːr,tʃəfiːro pɑːndʒ,tʃəfiːro ɑːχʃɛ,tʃəfiːro ɑːvdɛ,tʃəfiːro ɑːʃcɛ,---,pɑːndʒo sifɛr,ɑːχʃɛwo sifɛr,ɑːvdɛwo sifɛr,ɑːʃcɛwo sifɛr,nɛwo sifɛr,juwo lə siferiː,juwo juwo joː sifer,juwo ləwo joː sifer,ləwo lə siferiː,---
Pahari-Pothwari,phr,Indo-Aryan,73.06263,33.57315,ekʰ,doː,træː,tɕaːr,pandʑ,tɕʰeː,sat,aʈʰ,nõː,das,jaːrãː,baːrãː,teːrãː,tɕoːdãː,pandərãː,soːlãː,staːrãː,aʈʰaːrãː,unːĩː,viː,---,---,---,---,---,---,---,---,---,---,---,---,---,---,---,---,---,---,---,---,---,---,---,---,---,---,---,---,---,---,---,---,---,---,---,---,---,---,---
Palula,phl,Indo-Aryan,71.73994,35.43939,aːk,duː,troː,tɕuːr,paːndʑ,ʂo,saːt,aːʂʈ,nuː,daːɕ,akoːɕ,boːɕ,triːɕ,tɕandiːɕ,pandʑiːɕ,ʂoɽiːɕ,satoːɕ,aʂʈoːɕ,aɳabʰiːɕ,bʰiːɕ,bʰiɕeː aːk,bʰiɕeː duː,bʰiɕeː troː,bʰiɕeː tɕuːr,bʰiɕeː paːndʑ,bʰiɕeː ʂo,bʰiɕeː saːt,bʰiɕeː aːʂʈ,bʰiɕeː nuː,bʰiɕeː daːɕ,bʰiɕeː akoːɕ,bʰiɕeː boːɕ,bʰiɕeː triːɕ,bʰiɕeː tɕandiːɕ,bʰiɕeː pandʑiːɕ,bʰiɕeː ʂoɽiːɕ,bʰiɕeː satoːɕ,bʰiɕeː aʂʈoːɕ,bʰiɕeː aɳabʰiːɕ,dubʰiɕa,dubʰiɕeː aːk,dubʰiɕeː duː,dubʰiɕeː troː,dubʰiɕeː tɕuːr,dubʰiɕeː paːndʑ,dubʰiɕeː ʂo,dubʰiɕeː saːt,dubʰiɕeː aːʂʈ,dubʰiɕeː nuː,dubʰiɕeː daːɕ,troː bʰiɕa,troːbʰiɕeː daːɕ,tɕuːr bʰiɕa,tɕuːrbʰiɕeː daːɕ,paːndʑ bʰiɕa,paːndʑbʰiɕeː daːɕ,ʂo bʰiɕa,duː sawa,zir
Parachi,prc,Iranian,69.64719,35.09915,ʒu,diː,ʃiː,tʃoːr,poːndʒ,χiː,hoːt,oːʃt,nu,doːs,ʒoːns,duwɑːs,ʃidoːs,tʃadoːs,pajns,χodoːs,hatos,haʃtos,nams,ʁoʃt,ʁoʃtu ʒu,ʁoʃtu diː,ʁoʃtu ʃiː,ʁoʃtu tʃoːr,ʁoʃtu pondʒ,ʁoʃtu χiː,ʁoʃtu huːt,ʁoʃtu oːʃt,ʁoʃtu nu,ʃos,ʃusu ʒu,ʃusu diː,ʃusu ʃiː,ʃusu tʃoːr,ʃusu pondʒ,ʃusu χiː,ʃusu hoːt,ʃusu oːʃt,ʃusu nu,tʃel,tʃelu ʒu,tʃelu diː,tʃelu ʃiː,tʃelu tʃoːr,tʃelu pondʒ,tʃelu χiː,tʃelu hoːt,tʃelu oːʃt,tʃelu nu,pendʒɑː,ʃast,haftɑːd,haʃtɑːd,nawad,sad,jak sadu ʒu,jak sadu ʁoʃt,dosad,"hazɑːr, ʒu hazɑːr"
Pashai Alasai,psh (ai),Indo-Aryan,69.75581,34.94752,iː,doː,træː,tɕaːr,paːndʑe,ʂɛː,saːte,aːʂʈe,naːwe,daːje,ʑaːe,duwaːe,truwi,tɕadaːje,pandʑiː,ʂuwiː,satːiː,aʂʈiː,najiː,west,weste iː,westo doː,westo træː,westo tɕaːr,westo paːndʑe,westo ʂɛː,westo saːte,westo aːʂʈe,westo naːwe,siː,siːwu iː,siːwu doː,siːwu træː,siːwu tɕaːr,siːwu paːndʑe,siːwu ʂɛː,siːwu saːte,siːwu aːʂʈe,siːwu naːwe,tɕehel,tɕehelo iː,tɕehelo doː,tɕehelo træː,tɕehelo tɕaːr,tɕehelo paːndʑe,tɕehelo ʂɛː,tɕehelo saːte,tɕehelo aːʂʈe,tɕehelo naːwe,pindʑa,ɕast,aftaːd,aɕtaːd,nawad,ɕaːje,jak sado daːje,jak sado west,dusad,iː hazaːr
Pashai Alingar,psi (ar),Indo-Aryan,70.41725,34.86533,iː,də,heː,tɕaːr,paĩɲdʑ,ʂeː,sat,aʂʈ,noː,deː,ʑaːe,duːwae,həwɪ,tɕadeː,pandʑuː,ʂuːɽ,satuː,aʂʈuː,nahũː,wəst,wəst iː,wist duː,wistu heː,wistu tɕaːr,wistu paĩɲdʑ,wistu ʂeː,wistu sat,wistu aʂʈ,wistu noː,wistu deː,wistu jaːe,wistu duwaːe,wistu həwɪ,wistu tɕadeː,wistu pandʑuː,wistu ʂuːɽ,wistu satuː,wistu aʂʈuː,wistu nahũː,duwija,duwija iː,duwija də,duwija heː,duwija tɕaːr,duwija paĩɲdʑ,duwija ʂeː,duwija sat,duwija aʂʈ,duwija noː,duwija deː,hewija,hewija deː,tɕaːrwija,tɕaːrwija deː,pandʑwija,pandʑwija deː,ʂuwija,dəsawa,iː hazaːr
Pashai Alishang,glh (ag),Indo-Aryan,70.08457,34.92865,iː,doː,træː,tɕuːr,paːndʑə,ʈʂaː,saːtə,aːʂʈə,naːu,deː,zwiː,dwiː,turiː,tɕadeː,pandʑiː,ʈʂuwiː,satiː,haʂʈiː,nawiː,wast,wastu iː,wasto doː,wastu træː,wastu tɕoːr,wastu pãːdʑə,wastu ʈʂaː,wastu saːtə,wastu aːʂʈə,wastu naːu,wastu deː,wastu ʑwiː,wastu dwiː,wasto triː,wasto tɕadeː,wasto pandʑiː,wastu ʈʂuiː,wasto satiː,wasto aːʂʈiː,wasto nawiː,dewo,dew iː,dew doː,dew traː,dew tɕuːr,dew paːndʑə,dew ʈʂaː,dew saːtə,dew aːʂʈə,dew naːu,dew deː,trɛːwo,trɛːw deː,tɕoːrijo,tɕoːrju deː,iː sad,iː sado deː,iː sado wast,doː sad,"iː azaːr, pyːro azaːr"
Pashai Amla,psi (am),Indo-Aryan,70.57805,34.67743,iː,dɔː,ɬɛ,tɕaːr,pandʑ,ɕɛː,sat,aɕt,noː,deː,jaːe,duwaːe,ɬui,tɕadeː,pandʑu,ɕoːɽ,satu,aɕtu,nawu,west,westo iː,westo dɔː,westo ɬɛː,westo tɕaːr,westo pandʑ,westo ɕɛː,westo sat,westo haɕt,westo noː,westo deː,westo jaːe,westo duwaːe,westo ɬui,westo tɕade,westo pandʑu,westo ɕoːɽ,westo satu,westo aɕtu,westo nawu,dəwija,dəwijao iː,dəwijao doː,dəwijao ɬɛ,dəwijao tɕaːr,dəwijao pandʑ,dəwijao ɕɛ,dəwijao sat,dəwijao haɕt,dəwijao noː,dəwijao deː,ɬewəja,ɬewəjao deː,tɕaːrwəja,tɕaːrwəjao deː,pandʑuwɪa,pandʑuwɪao deː,ɕewəja,doː sad,iː azaːr
Pashai Aret,aee (at),Indo-Aryan,70.72301,34.74631,eː,duː,trəː,tɕɔːr,pãːj,tɕəː,saːt,aːɕt,naw,daːj,juːj,duːj,truj,tɕadaj,panju,ɕəɽ,satiju,aɕtiju,nawijaũ,weːst,weːstme iː,weːstme duː,weːstme trəː,weːstme tɕɔːr,weːstme pãːj,weːstme tɕəː,weːstme saːt,weːstme aːɕt,weːstme naw,weːstme daːj,weːstme joːj,weːstme doːj,weːstme truj,weːstme tɕadaj,weːstme panju,weːstme ɕəɽ,weːstme satəju,weːstme aɕtəju,weːstme nawijaũ,duwijɔ,dujɔme iː,dujɔme duː,dujɔme trəː,dujɔme tɕoːr,dujɔme pãːj,dujɔme tɕəː,dujɔme saːt,dujɔme aːɕt,dujɔme naw,dujɔme daːj,trəwijɔ,---,tɕoːrwijɔ,tɕoːrwəjɔme daːj,fãːjwjɔ,fãːjwjɔme daːj,fãːjwjɔme wɪst,dajwijɔ,zər
Pashai Chalas,aee (ch),Indo-Aryan,70.86116,34.75934,je,du,ɬɛ,tsoːr,pãːj,tɕʰə,saːt,aːʂ,naːu,daːj,juwoːj,duwoːj,ɬəj,tsadaːj,paziw,ʂuːɽ,satiw,aʂʈiw,nawiw,wist,wistəbi je,wistəbi du,wistəbi ɬɛ,wistəbi tsoːr,wistəbi pãːj,wistəbi tɕʰə,wistəbi saːt,wistəbi aːʂ,wistəbi naːu,wistəbi daːj,wistəbi juwoːj,wistəbi duwoːj,wistəbi ɬəj,wistəbi tsadaːj,wistəbi paziw,wistəbi ʂuːɽ,wistəbi satiw,wistəbi aʂʈiw,wistəbi nawiw,dijõ,dijãːbi je,dijãːbi du,dijãːbi ɬə,dijãːbi tsoːr,dijãːbi pãːj,dijãːbi tɕʰə,dijãːbi saːt,dijãːbi aːʂ,dijãːbi naːu,dijãːbi daːj,ɬəjõ,ɬəjãːbi daːj,tsoːrijo,tsoːrijobi daːj,paːjnjo,paːjnjobi daːj,paːjnijobi wist,daːijo,zər
Pashai Korangal,aee (kg),Indo-Aryan,70.92458,34.90063,je,du,ɬe,tsoːr,pãːj,tɕʰe,saːt,aʂ,naw,daj,juj,duj,ɬej,tsadaj,panziːw,ʂej,satiːw,aʂʈiːw,nawiːw,wist,---,dubi wist,---,tsoːrebi wist,paːjnebi wist,tɕʰebi wist,saːtebi wist,aːʂebi wist,nawebi wist,dajebi wist,jujebi wist,dujebi wist,ɬejebi wist,tsadajebi wist,panziːmebi wist,ʂejebi wist,satiːmebi wist,aɕʈiːmebi wist,nawiːmebi wist,dujõ,jebi dujõ,dubi dujõ,ɬeːbi dujõ,tsoːrəbi dujõ,paːjnebi dujõ,tɕʰebi dujõ,saːtebi dujõ,aːʂebi dujõ,naːwebi dujõ,daːjebi dujõ,ɬejõ,daːjbi ɬejõ,tsoːrijo,daːjbi tsoːrijo,paːjnijo,daːjbi paːjnijo,wisːebi paːjnijo,du saw,zir
Pashai Sanjan,glh (sn),Indo-Aryan,69.36181,35.13991,juwal,dowal,træ,tɕuːr,pɔːndʑe,ʂɛ,sɑːtɛ,ɑːʂʈɛ,nɑːwɛ,dɑː,ʑuj,duj,dujtriju,tɕadɑː,pandʑi,ʂuj,satiː,aʂʈiː,nawiː,wəst,wəstə jiː,wəstə doː,wəstə træː,wəstə tɕuːr,wəstə pɑːndʑɛ,wəstə ʂɛ,wəstə sɑːtɛ,wəstə ɑːʂʈɛ,wəstə nɑːwɛ,triju,triju iː,triju doː,triju træː,triju tɕuːr,triju pɑːndʑɛ,triju ʂɛ,triju sɑːtɛ,triju ɑːʂʈɛ,triju nɑːwɛ,tɕel,tɕelɛ iː,tɕele doː,tɕele træː,tɕele tɕuːr,tɕele pɑːndʑɛ,tɕele ʂɛ,tɕele sɑːtɛ,tɕele ɑːʂʈɛ,tɕele nɑːwɛ,pendʑɑː,ɕæːst,haːftɑːd,haːɕtɑːd,nawad,sad,iː sadu dɛ,iː sadu wəst,dosad,iː hazɑːr
Pashai Shemal,aee (sh),Indo-Aryan,70.56220,34.75934,jɛ,duː,ɬɛː,tsoːr,pɑːjn,tɕʰə,saːt,aːʂʈ,naːw,daːj,joːj,duwoj,ɬiː,tsandaːj,pɛzju,ʂəɽ,sɛtiju,aʂʈiju,nawijũ,wiːst,wistə jɛ,wistə duː,wistə ɬɛː,wistə tsɔːr,wistə paːjn,wistə tɕəː,wistə saːt,wistə aːʂʈ,wistə naːw,wistə daːj,wistə joːj,wistə duwoj,wistə ɬiː,wistə tsadaːj,wistə panzju,wistə ʂəɽ,wistə satiju,wistə æʂʈiju,wistə nawiju,dijɑ̃ː,dijɑ̃ːbi jɛ,dijɑ̃ːbi duː,dijɑ̃ːbi ɬɛː,dijɑ̃ːbi tsoːr,dijɑ̃ːbi paːjn,dijɑ̃ːbi tɕʰə,dijɑ̃ːbi saːt,dijɑ̃ːbi aːʂʈ,dijɑ̃ːbi naːw,dijɑ̃ːbi daːj,ɬejɑ̃ː,ɬejɑ̃ːbi daːj,tsoːrijɑ̃ː,tsoːrijɑ̃ːbi daːj,paːnjɑ̃ː,paːnjɑ̃ːbi daːj,tɕʰeːjɑ̃ːbi daːj,dusɛw,azɑːr
Pashto (Afgh),pbu (a),Iranian,69.64719,34.83931,jaw,duwaː,dreː,tsaloːr,pinzəː,ʃpag,uwə,atə,nəh,las,jauːlas,duːlas,djaːrlas,tswaːrlas,pinzəlas,ʃpaːɽas,wulas,atəlas,nulas,ʃəl,jawiʃt,dwawiʃt,dərəwiʃt,tsalorwiʃt,pinzəwiʃt,ʃpəgwiʃt,wuwiʃt,atəwiʃt,nəhwiʃt,deːrʃ,jaw deːrʃ,dwa deːrʃ,drə deːrʃ,tsaloːr deːrʃ,pinzə deːrʃ,ʃpəg deːrʃ,wə deːrʃ,atə deːrʃ,nəh deːrʃ,tsalweːxt,jaw tsalweːxt,dwa tsalweːxt,drə tsalweːxt,tsaloːr tsalweːxt,pinzə tsalweːxt,ʃpag tsalweːxt,wu tsalweːxt,atə tsalweːxt,nah tsalweːxt,panzoːs,ʃpeːtə,awijaː,atijaː,nawi,səl,jaw səl las,jaw səl ʃəl,dwa sawa,zər
Pashto (Ind),pbu (i),Iranian,74.83829,34.26852,jaw,dwaː,dreː,tsaloːr,pinzə,ʃpag,wə,atə,nəha,las,jaoːlas,doːlas,djaːrlas,tswaːrlas,pinzəlas,ʃpaːɖlas,wərlas,atərlas,nurlas,ʃəl,jawiʃ,dwiːʃ,diriʃ,tsaleːriʃ,pinziːʃ,ʃpəgiːʃ,wiːʃ,atiːʃ,jaw kam deːrʃ,deːrʃ,jawa deːrʃ,dwaː deːrʃ,dreːa deːrʃ,tsaloːra deːrʃ,pinzaː deːrʃ,ʃpaga deːrʃ,waː deːrʃ,ataː deːrʃ,jaw kam tsaleːχ,tsaleːχ,jawa tsaleːχ,dwaː tsaleːχ,dreːa tsaleːχ,tsaloːra tsaleːχ,pinzaː tsaleːχ,ʃpaga tsaleːχ,waː tsaleːχ,ataː tsaleːχ,jaw kam panzoːs,panzoːs,ʃpeːtə,lasa ʃpeːtə,atijaː,lasa atijaː,səl,jaw səl las,jaw səl ʃəl,dwa sawa,zər
Pashto (Pak),pbu (p),Iranian,72.78178,34.33962,jaw,dwaː,dreː,tsaloːr,pinzə,ʃpag,wə,atə,nəhə,las,jawləs,doːləs,djaːrləs,swaːrləs,pinzələs,ʃpaːɽəs,wələs,atələs,nuləs,ʃəl,jawiʃ,dwaiʃ,diriʃ,tsaliːriʃ,pinzəwiʃ,ʃpagiʃ,wəiʃ,atəwiʃ,jawkam deːrʃ,deːrʃ,jaw deːrʃ,dwa deːrʃ,dreː deːrʃ,tsaloːr deːrʃ,pinzə deːrʃ,ʃpag deːrʃ,wə deːrʃ,atə deːrʃ,jawkam tsalweːχ,tsalweːχ,jaw tsalweːχ,dwa tsalweːχ,dreː tsalweːχ,tsaloːr tsalweːχ,pinzə tsalweːχ,ʃpag tsalweːχ,wə tsalweːχ,atə tsalweːχ,jawkam panzoːs,panzoːs,ʃpeːtə,"awjaː, dre nime ʃəleː",atjaː,"tsaloːr nime ʃəleː, laskam səl",səl,las dəpaːsa səl,"ʃəl dəpaːsa səl, ʃpag ʃəleː",dwa sawa,zər
Prasun,prn,Nuristani,70.90193,35.33045,ʏpːɪːn,lːyː,tɕːiː,tɕə̥puː,wuːtɕːə,woːʂːə,səːtːə,aːstə,nuːju,ləːzːə,dʑyːzːə,wyːzːə,tɕiːzːə,tɕə̥pluz,wiɕliːz,wuʂluːz,sətliːz,aɕliːz,naːləz,zːu,ɪkːɛːʑ,ɪlːɛːʑ,ɕːɛːʑ,tɕu̥pːɛːʑ,wutɕːɛːʑ,wuʂːɛːʑ,sətːɛːʑ,astɛːʑ,nuwːɛːʑ,ləzːɛːʑ,dʑyzːɛːʑ,wʏzːɛːʑ,tɕizːɛːʑ,tɕu̥pluzɛːʑ,wiɕlizɛːʑ,wuʂluzɛːʑ,sətːlizɛːʑ,aɕlizɛːʑ,naːlizɛːʑ,dʑibəz,ikːidʑibəz,ilːidʑibəz,tɕːidʑibəz,tɕu̥pːudʑibəz,wutɕːibəz,wuʂdʑibəz,sədʑːibəz,aːsdʑibəz,nudʑːibəz,ləzdʑibəz,tɕːɛgzu,tɕːɛgzaːlːəz,tɕu̥pːɛgzu,tɕu̥pːɛgzaːlːəz,wutɕːɛgzu,wətɕːɛgzaːlːəz,wətɕːɛgzaːzu,lʲuːtɕɛgzu,hazaːr
Purik,prx,Tibeto-Burman,76.01150,34.33588,tɕik,ŋis,sum,ʑbjiː,ʁa,truk,hr̥dun,rgjad,rguː,hr̥tɕuː,tɕukɕik,tɕuŋis,tɕuksum,tɕuʑbjiː,tɕuʁa,tɕuzdrug,tɕubdun,tɕubgjad,tɕurguː,ŋiɕuː,ŋiɕuː hr̥tsaq tɕik,ŋiɕuː hr̥tsaq ŋis,ŋiɕuː hr̥tsaq sum,ŋiɕuː hr̥tsaʑbjiː,ŋiɕuː hr̥tsaʁa,ŋiɕuː hr̥tsa truk,ŋiɕuː hr̥tsabdun,ŋiɕuː hr̥tsabgjad,ŋiɕuː hr̥tsarguː,sumtɕuː,sumtɕuːna tɕik,sumtɕuːna ŋis,sumtɕuːna sum,sumtɕuːna ʑbjiː,sumtɕuːna ʁa,sumtɕuːna truk,sumtɕuːna rdun,sumtɕuːna rgjad,sumtɕuːna rguː,ŋiɕuːŋis,ŋiɕuŋisna tɕik,ŋiɕuŋisna ŋis,ŋiɕuŋisna sum,ŋiɕuŋisna ʑbjiː,ŋiɕuŋisna ʁa,ŋiɕuŋisna truk,ŋiɕuŋisna rdun,ŋiɕuŋisna rgijad,ŋiɕuŋisna rguː,ʁabtɕuː,truktɕuː,rduntɕuː,ŋiɕuː ʑbjiː,ŋiɕuʑbjiːna hr̥tɕuː,rigjaː,rigjaːna hr̥tɕuː,rigjaːna ŋiɕuː,ŋibgjaː,stõːtɕik
Roshani,sgh (r),Iranian,71.42285,37.89160,iːw,ðaw,araj,tsavuːr,piːndz,χuː,uːvd,waxt,naːw,ðos,joːzda,dəwoːzda,siːzda,tʃoːrda,poːnzda,ʃoːnzda,havda,haʒda,nuːnzda,biːst,biːstə jæːk,biːstə dʲuː,biːstə seː,biːstə tʃɔːr,biːstə paːndʒ,biːstə ʃaːʃ,biːstə aːft,biːstə aːʃt,biːstə nʲuː,siː,siwə jæːk,siwə do,siwə seː,siwə tʃɔːr,siwə paːndʒ,siwə ʃaːʃ,siwə aːft,siwə aːʃt,siwə nʲuː,tʃel,tʃelə jæːk,tʃelə dʲuː,tʃelə seː,tʃelə tʃɔːr,tʃelə paːndʒ,tʃelə ʃaːʃ,tʃelə aːft,tʃelə aːʃt,tʃelə nʲuː,pindʒɔː,ʃaːst,haftaʊd,haʃtaʊd,nawad,"jæk sad, sad",jæk sadə daː,jæk sadə biːst,dusad,"jæk azaʊr, azaʊr"
Sanglechi,sgy,Iranian,71.20996,36.29833,wɑːk,dəːw,roːj,tsəfuːr,poːndz,χɑːɽ,hoːvd,hɑːt,nɑːw,dɑːs,kədɑːs,diːduːs,seːzda,tʃaːrda,poːnzədɑːs,χɑːɽdɑːs,hoːvdədɑːs,hɑːtədɑːs,nawədɑːs,wiːʃt,wiʃtə wɑːk,wiʃtə dəːw,wiʃtə roːj,wiʃtə tsəfuːr,wiʃtə poːndz,wiʃtə χɑːɽ,wiʃtə hoːvd,wiʃtə hɑːt,wiʃtə nɑːw,rəːs,rəsə wɑːk,rəsə dəːw,rəsə roːj,rəsə tsəfuːr,rəsə poːndz,rəsə χɑːɽ,rəsə hoːvd,rəsə hɑːt,rəsə nɑːw,tʃəːl,tʃələ wɑːk,tʃələ dəːw,tʃələ roːj,tʃələ tsəfuːr,tʃələ poːndz,tʃələ χɑːɽ,tʃələ hoːvd,tʃələ hɑːt,tʃələ nɑːw,pandʒaːj,ʂaːst,aftaːd,aʂʈaːd,nawad,saːd,wɑːk sadə wɑːk,wɑːk sadə wiːʃt,dusaːd,wɑːk azaːr
Sawi,sdg,Indo-Aryan,71.45683,35.17324,jak,duː,ɬɑː,tɕuːr,paːndʑ,ʂo,saːt,aːɕ,nu,deɕ,jakɑːɕ,bɑːɕ,trojĩɕ,tɕadiɕ,pandʑiɕ,ʂuɽaɕ,satijaːɕ,aɕtijɑːɕ,uːɽĩɕ,biɕ,jakaːmbiɕ,duwaːmbiɕ,ɬɑːwambiɕ,tɕoːrambiɕ,paːndʑambiɕ,ʂuwaːmbiɕ,saːtambiɕ,aːɕambiɕ,nuwaːmbiɕ,daɕaːmbiɕ,jakɑːɕambiɕ,bɑːɕambiɕ,trojiːnɕaːmbiɕ,tɕadiɕaːmbiɕ,pandʑiɕaːmbiɕ,ʂuɽaɕaːmbiɕ,satijaːɕambiɕ,aɕtijaːɕambiɕ,uɽiɕaːmbiɕ,dubiɕa,jakɑːn dubiɕa,duwɑːn dubiɕa,ɬɑːwan dubiɕa,tɕoːran dubiɕa,paːndʑan dubiɕa,ʂuwaːn dubiɕa,saːtɑːn dubiɕa,aːɕɑːn dubiɕa,nuwɑːn dubiɕa,daɕɑːn dubiɕa,ɬɑːbiɕa,daɕɑːn ɬɑːbiɕa,tɕuːrbiɕa,daɕɑːn tɕuːrbiɕa,paːnbiɕa,daɕɑːn paːnbiɕa,ʂubiɕa,dusawa,zər
Shina Gilgit,scl (p),Indo-Aryan,74.30831,35.92140,ek,duː,ʈʂe,tɕaːr,põɕ,ʂa,sat,ãʂ,naw,dej,ekaːj,baːj,ʈʂoĩ,tɕondej,panzej,ʂõːj,sətãːj,ãʂʈaːj,kuniː,biː,biːga ek,biːga duː,biːga ʈʂe,biːga tɕaːr,biːga poɕ,biːga ʂa,biːga sat,biːga ãʂ,biːga naw,biːga dej,biːga ekaːj,biːga baːj,biːga ʈʂoĩ,biːga tɕondej,biːga panzej,biːga ʂõːj,biːga satãːj,biːga ãʂʈaːj,biːga kuniː,dubio,---,dubigə duː,dubigə ʈʂe,dubigə tɕaːr,dubigə poɕ,dubigə ʂa,dibəgə sat,dibəgə ãʂ,dibəgə naw,dibəgə dej,ʈʂabio,---,tɕarbio,tɕarbigə dej,ɕal,ɕalga dej,ɕalga biː,duːɕal,hazaːr
Shina Gurez,scl (i),Indo-Aryan,74.77488,34.63830,ek,duː,ʈʂeː,tɕaːr,poɕ,ʂa,sat,"aʂʈ, ast",naũ,daj,akaːj,baːj,ʈʂojĩː,tɕoːdiː,panzuliː,ʂõːj,sataːj,asʈaːj,kuniː,biː,biːgi ek,biːgi duː,biːgi ʈʂeː,biːgi tɕaːr,biːgi poɕ,biːgi ʂa,biːgi sat,biːgi aʂ,biːgi naũ,biːgi daj,biːgi akaːj,biːgi baːj,biːgi ʈʂojĩː,biːgi tɕoːdiː,biːgi panzuliː,biːgi ʂõːj,biːgi satãːj,biːgi asʈãːj,biːgi kuniː,dibju,dibug ek,dibigə duː,dibugu ʈʂeː,dibugi tɕaːr,dibugu poɕ,dibugə ʂa,dibugə sat,dibugə aʂ,dibugə naũ,dibugə daj,ʈʂebu,ʈʂebugə daj,tɕarbi,tɕarbigi daj,ɕal,ek ɕal daj,ek ɕal biː,duːɕal,saːs
Shughni,sgh (a),Iranian,71.44097,37.44340,jiːw,ðəjyːn,haraːj,tsavoːr,piːnts,χoːɣ,wuːvd,waxt,noːw,ðiːs,jiðiːsat jiːw,jiðiːsat ðəjyːn,jiðiːsat haraːj,jiðiːsat tsavoːr,jiðiːsat piːnts,jiðiːsat χoːɣ,jiðiːsat wuːvd,jiðiːsat waxt,jiðiːsat noːw,ðəðiːs,ðəðiːsat jiːw,ðəðiːsat ðəjyːn,ðəðiːsat haraːj,ðəðiːsat tsavoːr,ðəðiːsat piːnts,ðəðiːsat χoːɣ,ðəðiːsat wuːvd,ðəðiːsat waxt,ðəðiːsat noːw,harajðiːs,harajðiːsat jiːw,harajðiːsat ðəjyːn,harajðiːsat haraːj,harajðiːsat tsavoːr,harajðiːsat piːnts,harajðiːsat χoːɣ,harajðiːsat wuːvd,harajðiːsat waxt,harajðiːsat noːw,tsavoːrðiːs,tsavoːrðiːsat jiːw,tsavoːrðiːsat ðəjyːn,tsavoːrðiːsat haraːj,tsavoːrðiːsat tsavoːr,tsavoːrðiːsat piːnts,tsavoːrðiːsat χoːɣ,tsavoːrðiːsat wuːvd,tsavoːrðiːsat waxt,tsavoːrðiːsat noːw,piːnsðiːs,χoːɣðiːs,wuːvðiːs,waxðiːs,noːwðiːs,ðiːsðiːs,ðiːsðiːsat ðiːs,ðiːsðiːsat ðəðiːs,dəsaːd,azoːr
Torwali,trw,Indo-Aryan,72.55077,35.20655,ek,du,ʈʂa,tɕaw,pãːi,ʂoː,saːt,aːʈ,noːm,daɕ,agaːɕ,duwaːɕ,ʈʂeːɕ,tɕataɕ,pĩːɕ,ʂeːɕ,sataːɕ,aʈʰaːɕ,ambiɕ,biɕ,ego biɕ,duwo biɕ,ʈʂawo biɕ,tɕawo biɕ,pãjo biɕ,ʂowo biɕ,saːto biɕ,aːʈʰo biɕ,nomo biɕ,daɕo biɕ,agaːɕo biɕ,duwaːɕo biɕ,ʈʂeːɕo biɕ,tɕetaɕo biɕ,pĩːɕo biɕ,ʂeːɕo biɕ,sataːɕo biɕ,aʈʰaːɕo biɕ,ambiɕo biɕ,dubiɕ,ego dubiɕ,duwo dubiɕ,ʈʂawo dubiɕ,tɕawo dubiɕ,pãːjo dubiɕ,ʂowo dubiɕ,saːto dubiɕ,aːɽo dubiɕ,nomo dubiɕ,daɕo dubiɕ,ʈʂabiɕ,daɕo ʈʂabiɕ,tɕawbiɕ,daɕo tɕawbiɕ,pãːjbiɕ,daɕo pãːjbiɕ,"biʑo pãːjbiɕ, ʂobiɕ",dusoː,zar
Ushojo,ush,Indo-Aryan,72.60512,35.12879,ek,duː,ʈʂiː,tɕaːr,poːɕ,ʂa,saːt,aːʈ,naũ,daj,agaːɕ,doaːɕ,ʈʂiːɕ,tɕadeɕ,pĩːɕ,ʂiːɕ,sataːɕ,aʈʰaːɕ,ẽɳbiː,biː,egːa biː,duːga biː,ʈʂiːga biː,tɕaːrga biː,poːɕga biː,ʂagːa biː,saːtga biː,aːʈga biː,nawga biː,dajga biː,agaːɕga biː,doaːɕga biː,ʈʂiːɕga biː,tɕadaɕga biː,pĩːɕga biː,ʂiːɕga biː,sataːɕga biː,aʈʰaːɕga biː,"ẽɳbiːga biː, ekːam dubi",dubi,egːa dubi,duːga dubi,ʈʂiːga dubi,tɕaːrga dubi,poːɕga dubi,ʂagːa dubi,saːtga dubi,aːʈga dubi,nawga dubi,"dajga dubi, patɕaːs",ʈʂebi,dajga ʈʂebi,tɕerbi,"dajga tɕerbi, dajkam poːɕbi","poːɕbi, sau",dajga poːɕbi,ʂabi,"duːsaw, dajbi",zər
Uzbek (Afgh),uzs,Turkic,70.38780,37.07386,bər,jekːi,wʉtɕ,tərt,beːɕ,ɑlte,jetːi,sakːiz,toqːuz,won,won bər,won jekːi,won wʉtɕ,won tərt,won beːɕ,won ɑlte,won jetːi,won sakːiz,won toqːuz,jegirma,jegirma bər,jegirma jekːi,jegirma wʉtɕ,jegirma tərt,jegirma beːɕ,jegirma ɑlte,jegirma jetːi,jegirma sakːiz,jegirma toqːuz,wotːʉz,wotːʉz bər,wotːuz jekːi,wotːʉz wʉtɕ,wotːʉz tərt,wotːʉz beːɕ,wotːʉz ɑlte,wotːʉz jetːi,wotːʉz sakːiz,wotːʉz toqːuz,qɨrʁ,qɨrʁu bər,qɨrʁu jekːi,qɨrʁu wʉtɕ,qɨrʁu tərt,qɨrʁu beːɕ,qɨrʁu ɑlte,qɨrʁu jetːi,qɨrʁu sakːiz,qɨrʁu toqːuz,elːig,ɑlmiɕ,jetmiɕ,seksen,tuχsen,jʉz,bər jʉzʉ won,bər jʉzʉ jegirma,jekːi jʉz,bər meŋk
Waigali,wbk,Nuristani,70.96082,35.13620,ew,dyː,treː,tɕataː,puːntɕ,ʂuː,soːt,oːʂʈ,nuː,doːɕ,jaːɕ,baːɕ,trynɕ,tɕadiɕ,patɕiɕ,ʂɛ̃ːɕ,sataːs,iʂʈaːɕ,iɕi,wiɕi,wiɕeː ewi,wiɕeː dyːi,wiɕeː treji,wiɕeː tɕataːi,wiɕeː puːntɕi,wiɕeː ʂuji,wiɕeː soːti,wiɕeː oːʂʈi,wiɕeː nuji,wiɕeː doːɕ,wiɕeː jaːɕ,wiɕeː baːɕ,wiɕeː trynɕ,wiɕeː tɕadiɕ,wiɕeː patɕiɕ,wiɕeː ʂɛ̃ːɕ,wiɕeː sataːs,wiɕeː iʂʈaːɕ,---,dywiɕi,dywiɕeː eːwi,dywiɕeː dyːi,dywiɕeː treji,dywiɕeː tɕataː,dywiɕeː puːntɕ,dywiɕeː ʂuː,dywiɕeː soːt,dywiɕeː oːʂʈ,dywiɕeː nuː,dywiɕeː doːɕ,treːwiɕi,treːwiɕeː doːɕ,tɕataːwiɕi,tɕataːwiɕeː doːɕ,puntɕwiɕi,puntɕwiɕeː doːɕi,---,dywiɕeː wiɕi,eː azar
Wakhi (Afgh),wbl (a),Iranian,72.59606,36.98526,iːu,buːj,təruːj,tsəbɨːr,paːnts,ɕaːd,ɨːb,aːt,naːu,ðaːs,ðas jiːu,ðas buːj,ðas truːj,ðas tsəbɨːr,ðas paːnts,ðas ɕaːd,ðas ɨːb,ðas aːt,ðas naːu,biːst,iːbistet jiːu,iːbistet buːj,iːbistet təruːj,iːbistet tsəbɨːr,iːbistet paːnts,iːbistet ɕaːd,iːbistet ɨːb,iːbistet aːt,iːbistet naːu,iːbistet ðas,iːbistet ðas jiːu,iːbistet ðas buːj,iːbistet ðas truːj,iːbistet ðas tsəbɨːr,iːbistet ðas paːnts,iːbistet ðas ɕaːd,iːbistet ðas hɨːb,iːbistet ðas haːt,iːbistet ðas naːu,buːwist,buːbistet iːu,buːbistet buːj,buːbistet təruːj,buːbistet tsəbɨːr,buːbistet paːnts,buːbistet ɕaːd,buːbistet hɨːb,buːbistet aːt,buːbistet naːu,buːbistet ðaːs,təruːbist,truːbistet ðas,tsəbɨːrbist,tsəbɨːrbistet ðas,iː saːd,iːsadet ðas,iːsadet bist,busad,iː azɑːr
Wakhi (Pak),wbl (p),Iranian,74.48950,36.83676,jiw,buːj,truːj,tsəbɨːr,paːnz,ɕaːð,hʉːb,hat,naw,ðas,ðas jiw,ðas buːj,ðas truːj,ðas tsəbɨːr,ðas paːnz,ðaɕaːð,ðas hʉːb,ðas hat,ðas naw,wist,wiste jiːw,wiste buːj,wiste truːj,wiste tsəbɨːr,wiste paːnz,wiste ɕaːð,wiste hʉːb,wiste hat,wiste naw,wiste ðas,wisteðas jiːw,wisteðas buːj,wisteðas truːj,wisteðas tsəbɨːr,wisteðas paːnz,wisteða ɕaːð,wisteðas hʉːb,wisteðas hat,wisteðas naw,buːwist,buːwiste jiːw,buːwiste buːj,buːwiste truːj,buːwiste tsəbɨːr,buːwiste paːnz,buːwiste ɕaːð,buːwiste hʉːb,buːwiste hat,buːwiste naw,buːwiste ðas,truːwist,truːwiste ðas,tsəbɨːrwist,tsəbɨːrwiste ðas,sad,jiːsadet ðas,jiːsadet wist,buːsad,hazɔːr
Yidgha,ydg,Iranian,71.51571,35.98740,ju,loh,ɕiroi,tɕːiːr,pãːdʒ,uχʂo,avdo,ahtɕo,nowu,les,les ju,les loh,les ɕiroi,les tɕːiːr,les pãːdʒ,les uχʂo,les avdo,les ahtɕo,les nowu,ʏsto,ʏsto ju,ʏsto loh,ʏsto ɕiroi,ʏsto tɕːiːr,ʏsto pãːdʒ,ʏsto uχʂo,ʏsto avdo,ʏsto ahtɕo,ʏsto nowu,ʏsto les,ʏsto les ju,ʏsto les loh,ʏsto les ɕiroi,ʏsto les tɕːiːr,ʏsto les pãːdʒ,ʏsto les uχʂo,ʏsto les avdo,ʏsto les ahtɕo,ʏsto les nowu,lewist,lewisto ju,lewisto loh,lewisto ɕiroi,lewisto tɕːiːr,lewisto pãːdʒ,lewisto uχʂo,lewisto avdo,lewisto ahtɕo,lewisto nowu,lewisto les,ɕirojist,ɕirojistu les,tɕːiːrwist,tɕːiːrwistu les,ɕoːr,jʏɕoru les,jʏɕoru ʏsto,lohɕoːr,hazaːr
